[07mar.2025 16:18:43.039] [main/INFO] [cpw.mods.modlauncher.Launcher/MODLAUNCHER]: ModLauncher running: args [--launchTarget, forgedatauserdev, --assetIndex, 5, --assetsDir, C:\Users\marth\.gradle\caches\forge_gradle\assets, --gameDir, ., --fml.forgeVersion, 47.4.0, --fml.mcVersion, 1.20.1, --fml.forgeGroup, net.minecraftforge, --fml.mcpVersion, 20230612.114412, --mod, sulidae_utils, --all, --output, C:\Users\marth\OneDrive\햞ea de Trabalho\Minecraft Modding\Projects\SulidaeUtils\src\generated\resources, --existing, C:\Users\marth\OneDrive\햞ea de Trabalho\Minecraft Modding\Projects\SulidaeUtils\src\main\resources]
[07mar.2025 16:18:43.051] [main/INFO] [cpw.mods.modlauncher.Launcher/MODLAUNCHER]: ModLauncher 10.0.9+10.0.9+main.dcd20f30 starting: java version 17.0.8.1 by Eclipse Adoptium; OS Windows 10 arch amd64 version 10.0
[07mar.2025 16:18:43.207] [main/INFO] [net.minecraftforge.fml.loading.ImmediateWindowHandler/]: ImmediateWindowProvider not loading because launch target is forgedatauserdev
[07mar.2025 16:18:43.276] [main/INFO] [mixin/]: SpongePowered MIXIN Subsystem Version=0.8.5 Source=union:/C:/Users/marth/.gradle/caches/modules-2/files-2.1/org.spongepowered/mixin/0.8.5/9d1c0c3a304ae6697ecd477218fa61b850bf57fc/mixin-0.8.5.jar%23128!/ Service=ModLauncher Env=CLIENT
[07mar.2025 16:18:43.733] [main/WARN] [net.minecraftforge.fml.loading.moddiscovery.ModFileParser/LOADING]: Mod file C:\Users\marth\.gradle\caches\modules-2\files-2.1\net.minecraftforge\javafmllanguage\1.20.1-47.4.0\f0c0b352173d0a378cbdcec9cfc4ba65899a721\javafmllanguage-1.20.1-47.4.0.jar is missing mods.toml file
[07mar.2025 16:18:43.739] [main/WARN] [net.minecraftforge.fml.loading.moddiscovery.ModFileParser/LOADING]: Mod file C:\Users\marth\.gradle\caches\modules-2\files-2.1\net.minecraftforge\lowcodelanguage\1.20.1-47.4.0\e862740d8c84d08dbfedea412bef88fe42e727c5\lowcodelanguage-1.20.1-47.4.0.jar is missing mods.toml file
[07mar.2025 16:18:43.744] [main/WARN] [net.minecraftforge.fml.loading.moddiscovery.ModFileParser/LOADING]: Mod file C:\Users\marth\.gradle\caches\modules-2\files-2.1\net.minecraftforge\mclanguage\1.20.1-47.4.0\5719b3a297a33f877ed5dde4cb4bd75c859096af\mclanguage-1.20.1-47.4.0.jar is missing mods.toml file
[07mar.2025 16:18:43.749] [main/WARN] [net.minecraftforge.fml.loading.moddiscovery.ModFileParser/LOADING]: Mod file C:\Users\marth\.gradle\caches\modules-2\files-2.1\net.minecraftforge\fmlcore\1.20.1-47.4.0\235975dafa4309945b59c56b53f31dc5b65a6051\fmlcore-1.20.1-47.4.0.jar is missing mods.toml file
[07mar.2025 16:18:44.318] [main/WARN] [net.minecraftforge.jarjar.selection.JarSelector/]: Attempted to select a dependency jar for JarJar which was passed in as source: mixinextras. Using Mod File: C:\Users\marth\.gradle\caches\modules-2\files-2.1\io.github.llamalad7\mixinextras-forge\0.4.1\5c35573a7b76103724799ca1174a69699b8a9aec\mixinextras-forge-0.4.1.jar
[07mar.2025 16:18:44.319] [main/INFO] [net.minecraftforge.fml.loading.moddiscovery.JarInJarDependencyLocator/]: Found 5 dependencies adding them to mods collection
[07mar.2025 16:18:49.277] [main/INFO] [mixin/]: Compatibility level set to JAVA_17
[07mar.2025 16:18:49.286] [main/ERROR] [mixin/]: Mixin config moreburners.mixin.json does not specify "minVersion" property
[07mar.2025 16:18:49.335] [main/INFO] [cpw.mods.modlauncher.LaunchServiceHandler/MODLAUNCHER]: Launching target 'forgedatauserdev' with arguments [--gameDir, ., --assetsDir, C:\Users\marth\.gradle\caches\forge_gradle\assets, --assetIndex, 5, --mod, sulidae_utils, --all, --output, C:\Users\marth\OneDrive\햞ea de Trabalho\Minecraft Modding\Projects\SulidaeUtils\src\generated\resources, --existing, C:\Users\marth\OneDrive\햞ea de Trabalho\Minecraft Modding\Projects\SulidaeUtils\src\main\resources]
[07mar.2025 16:18:49.639] [main/INFO] [mixin/]: Remapping refMap moonlight-common-refmap.json using C:\Users\marth\OneDrive\햞ea de Trabalho\Minecraft Modding\Projects\SulidaeUtils\build\createSrgToMcp\output.srg
[07mar.2025 16:18:49.642] [main/INFO] [mixin/]: Remapping refMap moonlight-forge-refmap.json using C:\Users\marth\OneDrive\햞ea de Trabalho\Minecraft Modding\Projects\SulidaeUtils\build\createSrgToMcp\output.srg
[07mar.2025 16:18:49.670] [main/INFO] [mixin/]: Remapping refMap moreburners.refmap.json using C:\Users\marth\OneDrive\햞ea de Trabalho\Minecraft Modding\Projects\SulidaeUtils\build\createSrgToMcp\output.srg
[07mar.2025 16:18:49.672] [main/INFO] [mixin/]: Remapping refMap alekiships.refmap.json using C:\Users\marth\OneDrive\햞ea de Trabalho\Minecraft Modding\Projects\SulidaeUtils\build\createSrgToMcp\output.srg
[07mar.2025 16:18:49.675] [main/INFO] [mixin/]: Remapping refMap amendments-forge-refmap.json using C:\Users\marth\OneDrive\햞ea de Trabalho\Minecraft Modding\Projects\SulidaeUtils\build\createSrgToMcp\output.srg
[07mar.2025 16:18:49.677] [main/INFO] [mixin/]: Remapping refMap amendments-common-refmap.json using C:\Users\marth\OneDrive\햞ea de Trabalho\Minecraft Modding\Projects\SulidaeUtils\build\createSrgToMcp\output.srg
[07mar.2025 16:18:49.679] [main/INFO] [mixin/]: Remapping refMap geckolib.refmap.json using C:\Users\marth\OneDrive\햞ea de Trabalho\Minecraft Modding\Projects\SulidaeUtils\build\createSrgToMcp\output.srg
[07mar.2025 16:18:49.681] [main/INFO] [mixin/]: Remapping refMap backend-flywheel.refmap.json using C:\Users\marth\OneDrive\햞ea de Trabalho\Minecraft Modding\Projects\SulidaeUtils\build\createSrgToMcp\output.srg
[07mar.2025 16:18:49.684] [main/INFO] [mixin/]: Remapping refMap flywheel.refmap.json using C:\Users\marth\OneDrive\햞ea de Trabalho\Minecraft Modding\Projects\SulidaeUtils\build\createSrgToMcp\output.srg
[07mar.2025 16:18:49.685] [main/INFO] [mixin/]: Remapping refMap ponder.refmap.json using C:\Users\marth\OneDrive\햞ea de Trabalho\Minecraft Modding\Projects\SulidaeUtils\build\createSrgToMcp\output.srg
[07mar.2025 16:18:49.687] [main/INFO] [mixin/]: Remapping refMap curios.refmap.json using C:\Users\marth\OneDrive\햞ea de Trabalho\Minecraft Modding\Projects\SulidaeUtils\build\createSrgToMcp\output.srg
[07mar.2025 16:18:49.690] [main/INFO] [mixin/]: Remapping refMap create.refmap.json using C:\Users\marth\OneDrive\햞ea de Trabalho\Minecraft Modding\Projects\SulidaeUtils\build\createSrgToMcp\output.srg
[07mar.2025 16:18:49.692] [main/INFO] [mixin/]: Remapping refMap patchouli.refmap.json using C:\Users\marth\OneDrive\햞ea de Trabalho\Minecraft Modding\Projects\SulidaeUtils\build\createSrgToMcp\output.srg
[07mar.2025 16:18:49.859] [main/INFO] [mixin/]: Remapping refMap scguns.refmap.json using C:\Users\marth\OneDrive\햞ea de Trabalho\Minecraft Modding\Projects\SulidaeUtils\build\createSrgToMcp\output.srg
[07mar.2025 16:18:49.862] [main/INFO] [mixin/]: Remapping refMap createdieselgenerators.refmap.json using C:\Users\marth\OneDrive\햞ea de Trabalho\Minecraft Modding\Projects\SulidaeUtils\build\createSrgToMcp\output.srg
[07mar.2025 16:18:49.865] [main/INFO] [mixin/]: Remapping refMap tfc.refmap.json using C:\Users\marth\OneDrive\햞ea de Trabalho\Minecraft Modding\Projects\SulidaeUtils\build\createSrgToMcp\output.srg
[07mar.2025 16:18:49.867] [main/INFO] [mixin/]: Remapping refMap firmaciv.refmap.json using C:\Users\marth\OneDrive\햞ea de Trabalho\Minecraft Modding\Projects\SulidaeUtils\build\createSrgToMcp\output.srg
[07mar.2025 16:18:49.871] [main/INFO] [mixin/]: Remapping refMap supplementaries-common-refmap.json using C:\Users\marth\OneDrive\햞ea de Trabalho\Minecraft Modding\Projects\SulidaeUtils\build\createSrgToMcp\output.srg
[07mar.2025 16:18:49.876] [main/INFO] [mixin/]: Remapping refMap supplementaries-forge-refmap.json using C:\Users\marth\OneDrive\햞ea de Trabalho\Minecraft Modding\Projects\SulidaeUtils\build\createSrgToMcp\output.srg
[07mar.2025 16:18:50.667] [main/WARN] [mixin/]: Error loading class: vectorwing/farmersdelight/client/renderer/HangingCanvasSignRenderer (java.lang.ClassNotFoundException: vectorwing.farmersdelight.client.renderer.HangingCanvasSignRenderer)
[07mar.2025 16:18:50.669] [main/WARN] [mixin/]: Error loading class: vectorwing/farmersdelight/client/renderer/CanvasSignRenderer (java.lang.ClassNotFoundException: vectorwing.farmersdelight.client.renderer.CanvasSignRenderer)
[07mar.2025 16:18:51.394] [main/WARN] [mixin/]: Error loading class: loaderCommon/forge/com/seibel/distanthorizons/common/wrappers/worldGeneration/mimicObject/ChunkLoader (java.lang.ClassNotFoundException: loaderCommon.forge.com.seibel.distanthorizons.common.wrappers.worldGeneration.mimicObject.ChunkLoader)
[07mar.2025 16:18:51.496] [main/WARN] [mixin/]: Error loading class: me/jellysquid/mods/sodium/client/render/chunk/compile/pipeline/FluidRenderer (java.lang.ClassNotFoundException: me.jellysquid.mods.sodium.client.render.chunk.compile.pipeline.FluidRenderer)
[07mar.2025 16:18:51.849] [main/WARN] [mixin/]: Error loading class: vectorwing/farmersdelight/common/block/TomatoVineBlock (java.lang.ClassNotFoundException: vectorwing.farmersdelight.common.block.TomatoVineBlock)
[07mar.2025 16:18:51.872] [main/WARN] [mixin/]: Error loading class: me/jellysquid/mods/sodium/client/render/chunk/compile/pipeline/FluidRenderer (java.lang.ClassNotFoundException: me.jellysquid.mods.sodium.client.render.chunk.compile.pipeline.FluidRenderer)
[07mar.2025 16:18:51.875] [main/WARN] [mixin/]: Error loading class: net/raphimc/immediatelyfast/feature/map_atlas_generation/MapAtlasTexture (java.lang.ClassNotFoundException: net.raphimc.immediatelyfast.feature.map_atlas_generation.MapAtlasTexture)
[07mar.2025 16:18:51.930] [main/WARN] [mixin/]: Error loading class: journeymap/client/ui/fullscreen/Fullscreen (java.lang.ClassNotFoundException: journeymap.client.ui.fullscreen.Fullscreen)
[07mar.2025 16:18:51.930] [main/WARN] [mixin/]: @Mixin target journeymap.client.ui.fullscreen.Fullscreen was not found create.mixins.json:compat.JourneyFullscreenMapMixin
[07mar.2025 16:18:52.710] [main/INFO] [net.minecraftforge.data.loading.DatagenModLoader/]: Initializing Data Gatherer for mods [sulidae_utils]
[07mar.2025 16:18:52.717] [main/INFO] [MixinExtras|Service/]: Initializing MixinExtras via com.llamalad7.mixinextras.service.MixinExtrasServiceImpl(version=0.4.1).
[07mar.2025 16:18:59.978] [modloading-worker-0/INFO] [com.simibubi.create.Create/]: Create 6.0.2 initializing! Commit hash: bffc4b160b08a91ba243b0cc2e13ac797857e17f
[07mar.2025 16:19:00.400] [modloading-worker-0/WARN] [net.minecraftforge.common.ForgeConfigSpec/CORE]: Configuration file C:\Users\marth\OneDrive\햞ea de Trabalho\Minecraft Modding\Projects\SulidaeUtils\run-data\config\amendments-common.toml is not correct. Correcting
[07mar.2025 16:19:00.402] [modloading-worker-0/WARN] [net.minecraftforge.common.ForgeConfigSpec/CORE]: Incorrect key lectern was corrected from null to its default, SimpleCommentedConfig:{}. 
[07mar.2025 16:19:00.402] [modloading-worker-0/WARN] [net.minecraftforge.common.ForgeConfigSpec/CORE]: Incorrect key lectern.improved_screen was corrected from null to its default, true. 
[07mar.2025 16:19:00.404] [modloading-worker-0/WARN] [net.minecraftforge.common.ForgeConfigSpec/CORE]: Incorrect key hanging_signs was corrected from null to its default, SimpleCommentedConfig:{}. 
[07mar.2025 16:19:00.404] [modloading-worker-0/WARN] [net.minecraftforge.common.ForgeConfigSpec/CORE]: Incorrect key hanging_signs.items_on_signs was corrected from null to its default, true. 
[07mar.2025 16:19:00.406] [modloading-worker-0/WARN] [net.minecraftforge.common.ForgeConfigSpec/CORE]: Incorrect key cauldron was corrected from null to its default, SimpleCommentedConfig:{}. 
[07mar.2025 16:19:00.406] [modloading-worker-0/WARN] [net.minecraftforge.common.ForgeConfigSpec/CORE]: Incorrect key cauldron.enhanced_cauldron was corrected from null to its default, true. 
[07mar.2025 16:19:00.406] [modloading-worker-0/WARN] [net.minecraftforge.common.ForgeConfigSpec/CORE]: Incorrect key cauldron.crafting was corrected from null to its default, true. 
[07mar.2025 16:19:00.406] [modloading-worker-0/WARN] [net.minecraftforge.common.ForgeConfigSpec/CORE]: Incorrect key cauldron.dye_water was corrected from null to its default, true. 
[07mar.2025 16:19:00.407] [modloading-worker-0/WARN] [net.minecraftforge.common.ForgeConfigSpec/CORE]: Incorrect key cauldron.dye_recipes_per_layer was corrected from null to its default, 4. 
[07mar.2025 16:19:00.407] [modloading-worker-0/WARN] [net.minecraftforge.common.ForgeConfigSpec/CORE]: Incorrect key cauldron.potion_recipes_per_layer was corrected from null to its default, 2. 
[07mar.2025 16:19:00.407] [modloading-worker-0/WARN] [net.minecraftforge.common.ForgeConfigSpec/CORE]: Incorrect key cauldron.potions_mixing was corrected from null to its default, ON. 
[07mar.2025 16:19:00.407] [modloading-worker-0/WARN] [net.minecraftforge.common.ForgeConfigSpec/CORE]: Incorrect key cauldron.potion_mixing_limit was corrected from null to its default, 8. 
[07mar.2025 16:19:00.415] [modloading-worker-0/WARN] [net.minecraftforge.common.ForgeConfigSpec/CORE]: Incorrect key cauldron.inverse_potions was corrected from null to its default, SimpleCommentedConfig:{minecraft:mining_fatigue=minecraft:haste, minecraft:instant_health=minecraft:instant_damage, minecraft:unluck=minecraft:luck, minecraft:instant_damage=minecraft:instant_health, minecraft:weakness=minecraft:strength, minecraft:slowness=minecraft:speed, minecraft:haste=minecraft:mining_fatigue, minecraft:strength=minecraft:weakness, minecraft:speed=minecraft:slowness, minecraft:luck=minecraft:unluck}. 
[07mar.2025 16:19:00.415] [modloading-worker-0/WARN] [net.minecraftforge.common.ForgeConfigSpec/CORE]: Incorrect key cauldron.connect_to_fences was corrected from null to its default, true. 
[07mar.2025 16:19:00.417] [modloading-worker-0/WARN] [net.minecraftforge.common.ForgeConfigSpec/CORE]: Incorrect key tripwire_hook was corrected from null to its default, SimpleCommentedConfig:{}. 
[07mar.2025 16:19:00.417] [modloading-worker-0/WARN] [net.minecraftforge.common.ForgeConfigSpec/CORE]: Incorrect key tripwire_hook.tool_hook was corrected from null to its default, true. 
[07mar.2025 16:19:00.418] [modloading-worker-0/WARN] [net.minecraftforge.common.ForgeConfigSpec/CORE]: Incorrect key carpets was corrected from null to its default, SimpleCommentedConfig:{}. 
[07mar.2025 16:19:00.419] [modloading-worker-0/WARN] [net.minecraftforge.common.ForgeConfigSpec/CORE]: Incorrect key carpets.carpeted_stairs was corrected from null to its default, true. 
[07mar.2025 16:19:00.419] [modloading-worker-0/WARN] [net.minecraftforge.common.ForgeConfigSpec/CORE]: Incorrect key carpets.carpeted_slabs was corrected from null to its default, true. 
[07mar.2025 16:19:00.420] [modloading-worker-0/WARN] [net.minecraftforge.common.ForgeConfigSpec/CORE]: Incorrect key cake was corrected from null to its default, SimpleCommentedConfig:{}. 
[07mar.2025 16:19:00.420] [modloading-worker-0/WARN] [net.minecraftforge.common.ForgeConfigSpec/CORE]: Incorrect key cake.double_cake was corrected from null to its default, true. 
[07mar.2025 16:19:00.420] [modloading-worker-0/WARN] [net.minecraftforge.common.ForgeConfigSpec/CORE]: Incorrect key cake.directional_cake was corrected from null to its default, true. 
[07mar.2025 16:19:00.421] [modloading-worker-0/WARN] [net.minecraftforge.common.ForgeConfigSpec/CORE]: Incorrect key mob_head was corrected from null to its default, SimpleCommentedConfig:{}. 
[07mar.2025 16:19:00.421] [modloading-worker-0/WARN] [net.minecraftforge.common.ForgeConfigSpec/CORE]: Incorrect key mob_head.skull_piles was corrected from null to its default, true. 
[07mar.2025 16:19:00.422] [modloading-worker-0/WARN] [net.minecraftforge.common.ForgeConfigSpec/CORE]: Incorrect key mob_head.skull_candles was corrected from null to its default, true. 
[07mar.2025 16:19:00.422] [modloading-worker-0/WARN] [net.minecraftforge.common.ForgeConfigSpec/CORE]: Incorrect key mob_head.multiple_candles was corrected from null to its default, true. 
[07mar.2025 16:19:00.423] [modloading-worker-0/WARN] [net.minecraftforge.common.ForgeConfigSpec/CORE]: Incorrect key flower_pot was corrected from null to its default, SimpleCommentedConfig:{}. 
[07mar.2025 16:19:00.423] [modloading-worker-0/WARN] [net.minecraftforge.common.ForgeConfigSpec/CORE]: Incorrect key flower_pot.hanging_pot was corrected from null to its default, true. 
[07mar.2025 16:19:00.426] [modloading-worker-0/WARN] [net.minecraftforge.common.ForgeConfigSpec/CORE]: Incorrect key lantern was corrected from null to its default, SimpleCommentedConfig:{}. 
[07mar.2025 16:19:00.426] [modloading-worker-0/WARN] [net.minecraftforge.common.ForgeConfigSpec/CORE]: Incorrect key lantern.wall_lanterns was corrected from null to its default, true. 
[07mar.2025 16:19:00.426] [modloading-worker-0/WARN] [net.minecraftforge.common.ForgeConfigSpec/CORE]: Incorrect key lantern.high_priority was corrected from null to its default, true. 
[07mar.2025 16:19:00.426] [modloading-worker-0/WARN] [net.minecraftforge.common.ForgeConfigSpec/CORE]: Incorrect key lantern.mod_blacklist was corrected from null to its default, [bbb, extlights, betterendforge, spelunkery, galosphere, tconstruct, enigmaticlegacy, beautify, candlelight]. 
[07mar.2025 16:19:00.427] [modloading-worker-0/WARN] [net.minecraftforge.common.ForgeConfigSpec/CORE]: Incorrect key lantern.id_whitelist was corrected from null to its default, [enlightened_end:xenon_lantern]. 
[07mar.2025 16:19:00.427] [modloading-worker-0/WARN] [net.minecraftforge.common.ForgeConfigSpec/CORE]: Incorrect key lantern.falling_lanterns was corrected from null to its default, ON. 
[07mar.2025 16:19:00.429] [modloading-worker-0/WARN] [net.minecraftforge.common.ForgeConfigSpec/CORE]: Incorrect key bell was corrected from null to its default, SimpleCommentedConfig:{}. 
[07mar.2025 16:19:00.429] [modloading-worker-0/WARN] [net.minecraftforge.common.ForgeConfigSpec/CORE]: Incorrect key bell.chain_ringing was corrected from null to its default, true. 
[07mar.2025 16:19:00.430] [modloading-worker-0/WARN] [net.minecraftforge.common.ForgeConfigSpec/CORE]: Incorrect key bell.chain_length was corrected from null to its default, 16. 
[07mar.2025 16:19:00.433] [modloading-worker-0/WARN] [net.minecraftforge.common.ForgeConfigSpec/CORE]: Incorrect key banners was corrected from null to its default, SimpleCommentedConfig:{}. 
[07mar.2025 16:19:00.433] [modloading-worker-0/WARN] [net.minecraftforge.common.ForgeConfigSpec/CORE]: Incorrect key banners.ceiling_banners was corrected from null to its default, true. 
[07mar.2025 16:19:00.435] [modloading-worker-0/WARN] [net.minecraftforge.common.ForgeConfigSpec/CORE]: Incorrect key misc was corrected from null to its default, SimpleCommentedConfig:{}. 
[07mar.2025 16:19:00.435] [modloading-worker-0/WARN] [net.minecraftforge.common.ForgeConfigSpec/CORE]: Incorrect key misc.dye_blocks was corrected from null to its default, false. 
[07mar.2025 16:19:00.439] [modloading-worker-0/WARN] [net.minecraftforge.common.ForgeConfigSpec/CORE]: Incorrect key torch was corrected from null to its default, SimpleCommentedConfig:{}. 
[07mar.2025 16:19:00.439] [modloading-worker-0/WARN] [net.minecraftforge.common.ForgeConfigSpec/CORE]: Incorrect key torch.torch_fire was corrected from null to its default, true. 
[07mar.2025 16:19:00.439] [modloading-worker-0/WARN] [net.minecraftforge.common.ForgeConfigSpec/CORE]: Incorrect key torch.torch_fire_offhand was corrected from null to its default, false. 
[07mar.2025 16:19:00.440] [modloading-worker-0/WARN] [net.minecraftforge.common.ForgeConfigSpec/CORE]: Incorrect key torch.torch_fire_duration was corrected from null to its default, 2. 
[07mar.2025 16:19:00.441] [modloading-worker-0/WARN] [net.minecraftforge.common.ForgeConfigSpec/CORE]: Incorrect key lily_pad was corrected from null to its default, SimpleCommentedConfig:{}. 
[07mar.2025 16:19:00.442] [modloading-worker-0/WARN] [net.minecraftforge.common.ForgeConfigSpec/CORE]: Incorrect key lily_pad.better_lilypads was corrected from null to its default, true. 
[07mar.2025 16:19:00.451] [modloading-worker-0/INFO] [net.minecraftforge.common.ForgeMod/FORGEMOD]: Forge mod loading, version 47.4.0, for MC 1.20.1 with MCP 20230612.114412
[07mar.2025 16:19:00.453] [modloading-worker-0/INFO] [net.minecraftforge.common.MinecraftForge/FORGE]: MinecraftForge v47.4.0 Initialized
[07mar.2025 16:19:00.694] [modloading-worker-0/INFO] [net.dries007.tfc.TerraFirmaCraft/]: Initializing TerraFirmaCraft
[07mar.2025 16:19:00.695] [modloading-worker-0/INFO] [net.dries007.tfc.TerraFirmaCraft/]: Options: Assertions Enabled = false, Boostrap = false, Test = false, Debug Logging = true
[07mar.2025 16:19:00.741] [modloading-worker-0/WARN] [software.bernie.geckolib.GeckoLib/]: Minecraft.getInstance() was null, could not register reload listeners
[07mar.2025 16:19:00.954] [modloading-worker-0/WARN] [net.minecraftforge.common.ForgeConfigSpec/CORE]: Configuration file C:\Users\marth\OneDrive\햞ea de Trabalho\Minecraft Modding\Projects\SulidaeUtils\run-data\config\createaddition-common.toml is not correct. Correcting
[07mar.2025 16:19:00.956] [modloading-worker-0/WARN] [net.minecraftforge.common.ForgeConfigSpec/CORE]: Incorrect key general was corrected from null to its default, SimpleCommentedConfig:{}. 
[07mar.2025 16:19:00.956] [modloading-worker-0/WARN] [net.minecraftforge.common.ForgeConfigSpec/CORE]: Incorrect key general.fe_at_max_rpm was corrected from null to its default, 480. 
[07mar.2025 16:19:00.956] [modloading-worker-0/WARN] [net.minecraftforge.common.ForgeConfigSpec/CORE]: Incorrect key general.max_stress was corrected from null to its default, 16384. 
[07mar.2025 16:19:00.956] [modloading-worker-0/WARN] [net.minecraftforge.common.ForgeConfigSpec/CORE]: Incorrect key general.audio_enabled was corrected from null to its default, true. 
[07mar.2025 16:19:00.958] [modloading-worker-0/WARN] [net.minecraftforge.common.ForgeConfigSpec/CORE]: Incorrect key electric_motor was corrected from null to its default, SimpleCommentedConfig:{}. 
[07mar.2025 16:19:00.958] [modloading-worker-0/WARN] [net.minecraftforge.common.ForgeConfigSpec/CORE]: Incorrect key electric_motor.motor_rpm_range was corrected from null to its default, 256. 
[07mar.2025 16:19:00.958] [modloading-worker-0/WARN] [net.minecraftforge.common.ForgeConfigSpec/CORE]: Incorrect key electric_motor.motor_min_consumption was corrected from null to its default, 8. 
[07mar.2025 16:19:00.958] [modloading-worker-0/WARN] [net.minecraftforge.common.ForgeConfigSpec/CORE]: Incorrect key electric_motor.motor_max_input was corrected from null to its default, 5000. 
[07mar.2025 16:19:00.959] [modloading-worker-0/WARN] [net.minecraftforge.common.ForgeConfigSpec/CORE]: Incorrect key electric_motor.motor_capacity was corrected from null to its default, 5000. 
[07mar.2025 16:19:00.971] [modloading-worker-0/WARN] [net.minecraftforge.common.ForgeConfigSpec/CORE]: Incorrect key alternator was corrected from null to its default, SimpleCommentedConfig:{}. 
[07mar.2025 16:19:00.971] [modloading-worker-0/WARN] [net.minecraftforge.common.ForgeConfigSpec/CORE]: Incorrect key alternator.generator_max_output was corrected from null to its default, 5000. 
[07mar.2025 16:19:00.971] [modloading-worker-0/WARN] [net.minecraftforge.common.ForgeConfigSpec/CORE]: Incorrect key alternator.generator_capacity was corrected from null to its default, 5000. 
[07mar.2025 16:19:00.972] [modloading-worker-0/WARN] [net.minecraftforge.common.ForgeConfigSpec/CORE]: Incorrect key alternator.generator_efficiency was corrected from null to its default, 0.75. 
[07mar.2025 16:19:00.974] [modloading-worker-0/WARN] [net.minecraftforge.common.ForgeConfigSpec/CORE]: Incorrect key rolling_mill was corrected from null to its default, SimpleCommentedConfig:{}. 
[07mar.2025 16:19:00.974] [modloading-worker-0/WARN] [net.minecraftforge.common.ForgeConfigSpec/CORE]: Incorrect key rolling_mill.rolling_mill_processing_duration was corrected from null to its default, 120. 
[07mar.2025 16:19:00.974] [modloading-worker-0/WARN] [net.minecraftforge.common.ForgeConfigSpec/CORE]: Incorrect key rolling_mill.rolling_mill_stress was corrected from null to its default, 8. 
[07mar.2025 16:19:00.976] [modloading-worker-0/WARN] [net.minecraftforge.common.ForgeConfigSpec/CORE]: Incorrect key wires was corrected from null to its default, SimpleCommentedConfig:{}. 
[07mar.2025 16:19:00.976] [modloading-worker-0/WARN] [net.minecraftforge.common.ForgeConfigSpec/CORE]: Incorrect key wires.small_connector_max_input was corrected from null to its default, 1000. 
[07mar.2025 16:19:00.976] [modloading-worker-0/WARN] [net.minecraftforge.common.ForgeConfigSpec/CORE]: Incorrect key wires.small_connector_max_output was corrected from null to its default, 1000. 
[07mar.2025 16:19:00.976] [modloading-worker-0/WARN] [net.minecraftforge.common.ForgeConfigSpec/CORE]: Incorrect key wires.small_connector_wire_length was corrected from null to its default, 16. 
[07mar.2025 16:19:00.976] [modloading-worker-0/WARN] [net.minecraftforge.common.ForgeConfigSpec/CORE]: Incorrect key wires.small_light_connector_consumption was corrected from null to its default, 1. 
[07mar.2025 16:19:00.976] [modloading-worker-0/WARN] [net.minecraftforge.common.ForgeConfigSpec/CORE]: Incorrect key wires.large_connector_max_input was corrected from null to its default, 5000. 
[07mar.2025 16:19:00.976] [modloading-worker-0/WARN] [net.minecraftforge.common.ForgeConfigSpec/CORE]: Incorrect key wires.large_connector_max_output was corrected from null to its default, 5000. 
[07mar.2025 16:19:00.976] [modloading-worker-0/WARN] [net.minecraftforge.common.ForgeConfigSpec/CORE]: Incorrect key wires.large_connector_wire_length was corrected from null to its default, 32. 
[07mar.2025 16:19:00.977] [modloading-worker-0/WARN] [net.minecraftforge.common.ForgeConfigSpec/CORE]: Incorrect key wires.connector_ignore_face_check was corrected from null to its default, true. 
[07mar.2025 16:19:00.977] [modloading-worker-0/WARN] [net.minecraftforge.common.ForgeConfigSpec/CORE]: Incorrect key wires.connector_allow_passive_io was corrected from null to its default, true. 
[07mar.2025 16:19:00.981] [modloading-worker-0/WARN] [net.minecraftforge.common.ForgeConfigSpec/CORE]: Configuration file C:\Users\marth\OneDrive\햞ea de Trabalho\Minecraft Modding\Projects\SulidaeUtils\run-data\config\amendments-client.toml is not correct. Correcting
[07mar.2025 16:19:00.983] [modloading-worker-0/WARN] [net.minecraftforge.common.ForgeConfigSpec/CORE]: Incorrect key accumulator was corrected from null to its default, SimpleCommentedConfig:{}. 
[07mar.2025 16:19:00.984] [modloading-worker-0/WARN] [net.minecraftforge.common.ForgeConfigSpec/CORE]: Incorrect key general was corrected from null to its default, SimpleCommentedConfig:{}. 
[07mar.2025 16:19:00.985] [modloading-worker-0/WARN] [net.minecraftforge.common.ForgeConfigSpec/CORE]: Incorrect key accumulator.accumulator_max_input was corrected from null to its default, 5000. 
[07mar.2025 16:19:00.985] [modloading-worker-0/WARN] [net.minecraftforge.common.ForgeConfigSpec/CORE]: Incorrect key general.tooltip_hints was corrected from null to its default, true. 
[07mar.2025 16:19:00.985] [modloading-worker-0/WARN] [net.minecraftforge.common.ForgeConfigSpec/CORE]: Incorrect key accumulator.accumulator_max_output was corrected from null to its default, 5000. 
[07mar.2025 16:19:00.985] [modloading-worker-0/WARN] [net.minecraftforge.common.ForgeConfigSpec/CORE]: Incorrect key accumulator.accumulator_capacity was corrected from null to its default, 2000000. 
[07mar.2025 16:19:00.985] [modloading-worker-0/WARN] [net.minecraftforge.common.ForgeConfigSpec/CORE]: Incorrect key accumulator.accumulator_max_height was corrected from null to its default, 5. 
[07mar.2025 16:19:00.985] [modloading-worker-0/WARN] [net.minecraftforge.common.ForgeConfigSpec/CORE]: Incorrect key accumulator.accumulator_max_width was corrected from null to its default, 3. 
[07mar.2025 16:19:00.987] [modloading-worker-0/WARN] [net.minecraftforge.common.ForgeConfigSpec/CORE]: Incorrect key general.custom_configured_screen was corrected from null to its default, true. 
[07mar.2025 16:19:00.988] [modloading-worker-0/WARN] [net.minecraftforge.common.ForgeConfigSpec/CORE]: Incorrect key lily_pad was corrected from null to its default, SimpleCommentedConfig:{}. 
[07mar.2025 16:19:00.988] [modloading-worker-0/WARN] [net.minecraftforge.common.ForgeConfigSpec/CORE]: Incorrect key portable_energy_interface was corrected from null to its default, SimpleCommentedConfig:{}. 
[07mar.2025 16:19:00.989] [modloading-worker-0/WARN] [net.minecraftforge.common.ForgeConfigSpec/CORE]: Incorrect key lily_pad.y_offset was corrected from null to its default, -0.016625. 
[07mar.2025 16:19:00.989] [modloading-worker-0/WARN] [net.minecraftforge.common.ForgeConfigSpec/CORE]: Incorrect key portable_energy_interface.pei_max_input was corrected from null to its default, 5000. 
[07mar.2025 16:19:00.989] [modloading-worker-0/WARN] [net.minecraftforge.common.ForgeConfigSpec/CORE]: Incorrect key portable_energy_interface.pei_max_output was corrected from null to its default, 5000. 
[07mar.2025 16:19:00.989] [modloading-worker-0/WARN] [net.minecraftforge.common.ForgeConfigSpec/CORE]: Incorrect key bell was corrected from null to its default, SimpleCommentedConfig:{}. 
[07mar.2025 16:19:00.989] [modloading-worker-0/WARN] [net.minecraftforge.common.ForgeConfigSpec/CORE]: Incorrect key bell.chain_attachment was corrected from null to its default, true. 
[07mar.2025 16:19:00.991] [modloading-worker-0/WARN] [net.minecraftforge.common.ForgeConfigSpec/CORE]: Incorrect key tesla_coil was corrected from null to its default, SimpleCommentedConfig:{}. 
[07mar.2025 16:19:00.991] [modloading-worker-0/WARN] [net.minecraftforge.common.ForgeConfigSpec/CORE]: Incorrect key tesla_coil.tesla_coil_max_input was corrected from null to its default, 10000. 
[07mar.2025 16:19:00.991] [modloading-worker-0/WARN] [net.minecraftforge.common.ForgeConfigSpec/CORE]: Incorrect key tesla_coil.tesla_coil_charge_rate was corrected from null to its default, 5000. 
[07mar.2025 16:19:00.991] [modloading-worker-0/WARN] [net.minecraftforge.common.ForgeConfigSpec/CORE]: Incorrect key tesla_coil.tesla_coil_recipe_charge_rate was corrected from null to its default, 2000. 
[07mar.2025 16:19:00.991] [modloading-worker-0/WARN] [net.minecraftforge.common.ForgeConfigSpec/CORE]: Incorrect key tesla_coil.tesla_coil_capacity was corrected from null to its default, 40000. 
[07mar.2025 16:19:00.991] [modloading-worker-0/WARN] [net.minecraftforge.common.ForgeConfigSpec/CORE]: Incorrect key tesla_coil.tesla_coil_hurt_energy_required was corrected from null to its default, 1000. 
[07mar.2025 16:19:00.991] [modloading-worker-0/WARN] [net.minecraftforge.common.ForgeConfigSpec/CORE]: Incorrect key tesla_coil.tesla_coil_hurt_range was corrected from null to its default, 3. 
[07mar.2025 16:19:00.991] [modloading-worker-0/WARN] [net.minecraftforge.common.ForgeConfigSpec/CORE]: Incorrect key tesla_coil.tesla_coil_hurt_mob was corrected from null to its default, 3. 
[07mar.2025 16:19:00.992] [modloading-worker-0/WARN] [net.minecraftforge.common.ForgeConfigSpec/CORE]: Incorrect key tesla_coil.tesla_coil_effect_time_mob was corrected from null to its default, 20. 
[07mar.2025 16:19:00.992] [modloading-worker-0/WARN] [net.minecraftforge.common.ForgeConfigSpec/CORE]: Incorrect key brewing_stand was corrected from null to its default, SimpleCommentedConfig:{}. 
[07mar.2025 16:19:00.992] [modloading-worker-0/WARN] [net.minecraftforge.common.ForgeConfigSpec/CORE]: Incorrect key tesla_coil.tesla_coil_hurt_player was corrected from null to its default, 2. 
[07mar.2025 16:19:00.992] [modloading-worker-0/WARN] [net.minecraftforge.common.ForgeConfigSpec/CORE]: Incorrect key brewing_stand.brewing_stand_colors was corrected from null to its default, true. 
[07mar.2025 16:19:00.992] [modloading-worker-0/WARN] [net.minecraftforge.common.ForgeConfigSpec/CORE]: Incorrect key tesla_coil.tesla_coil_effect_time_player was corrected from null to its default, 20. 
[07mar.2025 16:19:00.993] [modloading-worker-0/WARN] [net.minecraftforge.common.ForgeConfigSpec/CORE]: Incorrect key tesla_coil.tesla_coil_fire_cooldown was corrected from null to its default, 20. 
[07mar.2025 16:19:00.993] [modloading-worker-0/WARN] [net.minecraftforge.common.ForgeConfigSpec/CORE]: Incorrect key arrows was corrected from null to its default, SimpleCommentedConfig:{}. 
[07mar.2025 16:19:00.993] [modloading-worker-0/WARN] [net.minecraftforge.common.ForgeConfigSpec/CORE]: Incorrect key arrows.crossbows_colors was corrected from null to its default, true. 
[07mar.2025 16:19:00.993] [modloading-worker-0/WARN] [net.minecraftforge.common.ForgeConfigSpec/CORE]: Incorrect key tripwire_hook was corrected from null to its default, SimpleCommentedConfig:{}. 
[07mar.2025 16:19:00.994] [modloading-worker-0/WARN] [net.minecraftforge.common.ForgeConfigSpec/CORE]: Incorrect key tripwire_hook.fast_hooks was corrected from null to its default, false. 
[07mar.2025 16:19:00.995] [modloading-worker-0/WARN] [net.minecraftforge.common.ForgeConfigSpec/CORE]: Incorrect key misc was corrected from null to its default, SimpleCommentedConfig:{}. 
[07mar.2025 16:19:00.995] [modloading-worker-0/WARN] [net.minecraftforge.common.ForgeConfigSpec/CORE]: Incorrect key misc.diamond_grit_sandpaper_uses was corrected from null to its default, 1024. 
[07mar.2025 16:19:00.995] [modloading-worker-0/WARN] [net.minecraftforge.common.ForgeConfigSpec/CORE]: Incorrect key misc.barbed_wire_damage was corrected from null to its default, 2.0. 
[07mar.2025 16:19:00.997] [modloading-worker-0/WARN] [net.minecraftforge.common.ForgeConfigSpec/CORE]: Incorrect key hanging_sign was corrected from null to its default, SimpleCommentedConfig:{}. 
[07mar.2025 16:19:00.997] [modloading-worker-0/WARN] [net.minecraftforge.common.ForgeConfigSpec/CORE]: Incorrect key hanging_sign.item_pixel_scale was corrected from null to its default, 10.0. 
[07mar.2025 16:19:00.998] [modloading-worker-0/WARN] [net.minecraftforge.common.ForgeConfigSpec/CORE]: Incorrect key hanging_sign.swinging_signs was corrected from null to its default, true. 
[07mar.2025 16:19:00.998] [modloading-worker-0/WARN] [net.minecraftforge.common.ForgeConfigSpec/CORE]: Incorrect key hanging_sign.sign_attachment was corrected from null to its default, true. 
[07mar.2025 16:19:01.092] [modloading-worker-0/WARN] [net.minecraftforge.common.ForgeConfigSpec/CORE]: Configuration file C:\Users\marth\OneDrive\햞ea de Trabalho\Minecraft Modding\Projects\SulidaeUtils\run-data\config\supplementaries-common.toml is not correct. Correcting
[07mar.2025 16:19:01.093] [modloading-worker-0/WARN] [net.minecraftforge.common.ForgeConfigSpec/CORE]: Incorrect key redstone was corrected from null to its default, SimpleCommentedConfig:{}. 
[07mar.2025 16:19:01.093] [modloading-worker-0/WARN] [net.minecraftforge.common.ForgeConfigSpec/CORE]: Incorrect key redstone.speaker_block was corrected from null to its default, SimpleCommentedConfig:{}. 
[07mar.2025 16:19:01.093] [modloading-worker-0/WARN] [net.minecraftforge.common.ForgeConfigSpec/CORE]: Incorrect key redstone.speaker_block.enabled was corrected from null to its default, true. 
[07mar.2025 16:19:01.094] [modloading-worker-0/WARN] [net.minecraftforge.common.ForgeConfigSpec/CORE]: Incorrect key redstone.speaker_block.narrator_enabled was corrected from null to its default, true. 
[07mar.2025 16:19:01.094] [modloading-worker-0/WARN] [net.minecraftforge.common.ForgeConfigSpec/CORE]: Incorrect key redstone.speaker_block.max_text was corrected from null to its default, 32. 
[07mar.2025 16:19:01.094] [modloading-worker-0/WARN] [net.minecraftforge.common.ForgeConfigSpec/CORE]: Incorrect key redstone.speaker_block.range was corrected from null to its default, 64. 
[07mar.2025 16:19:01.094] [modloading-worker-0/WARN] [net.minecraftforge.common.ForgeConfigSpec/CORE]: Incorrect key redstone.bellows was corrected from null to its default, SimpleCommentedConfig:{}. 
[07mar.2025 16:19:01.094] [modloading-worker-0/WARN] [net.minecraftforge.common.ForgeConfigSpec/CORE]: Incorrect key redstone.bellows.enabled was corrected from null to its default, true. 
[07mar.2025 16:19:01.094] [modloading-worker-0/WARN] [net.minecraftforge.common.ForgeConfigSpec/CORE]: Incorrect key redstone.bellows.base_period was corrected from null to its default, 78. 
[07mar.2025 16:19:01.094] [modloading-worker-0/WARN] [net.minecraftforge.common.ForgeConfigSpec/CORE]: Incorrect key redstone.bellows.power_scaling was corrected from null to its default, 2.0. 
[07mar.2025 16:19:01.094] [modloading-worker-0/WARN] [net.minecraftforge.common.ForgeConfigSpec/CORE]: Incorrect key redstone.bellows.base_velocity_scaling was corrected from null to its default, 5.0. 
[07mar.2025 16:19:01.094] [modloading-worker-0/WARN] [net.minecraftforge.common.ForgeConfigSpec/CORE]: Incorrect key redstone.bellows.range was corrected from null to its default, 5. 
[07mar.2025 16:19:01.094] [modloading-worker-0/WARN] [net.minecraftforge.common.ForgeConfigSpec/CORE]: Incorrect key redstone.spring_launcher was corrected from null to its default, SimpleCommentedConfig:{}. 
[07mar.2025 16:19:01.094] [modloading-worker-0/WARN] [net.minecraftforge.common.ForgeConfigSpec/CORE]: Incorrect key redstone.spring_launcher.enabled was corrected from null to its default, true. 
[07mar.2025 16:19:01.094] [modloading-worker-0/WARN] [net.minecraftforge.common.ForgeConfigSpec/CORE]: Incorrect key redstone.spring_launcher.velocity was corrected from null to its default, 1.5. 
[07mar.2025 16:19:01.094] [modloading-worker-0/WARN] [net.minecraftforge.common.ForgeConfigSpec/CORE]: Incorrect key redstone.spring_launcher.fall_height_required was corrected from null to its default, 5. 
[07mar.2025 16:19:01.095] [modloading-worker-0/WARN] [net.minecraftforge.common.ForgeConfigSpec/CORE]: Incorrect key redstone.enderman_head was corrected from null to its default, SimpleCommentedConfig:{}. 
[07mar.2025 16:19:01.095] [modloading-worker-0/WARN] [net.minecraftforge.common.ForgeConfigSpec/CORE]: Incorrect key redstone.enderman_head.enabled was corrected from null to its default, true. 
[07mar.2025 16:19:01.095] [modloading-worker-0/WARN] [net.minecraftforge.common.ForgeConfigSpec/CORE]: Incorrect key redstone.enderman_head.drop_head was corrected from null to its default, true. 
[07mar.2025 16:19:01.095] [modloading-worker-0/WARN] [net.minecraftforge.common.ForgeConfigSpec/CORE]: Incorrect key redstone.enderman_head.ticks_to_increase_power was corrected from null to its default, 15. 
[07mar.2025 16:19:01.095] [modloading-worker-0/WARN] [net.minecraftforge.common.ForgeConfigSpec/CORE]: Incorrect key redstone.enderman_head.work_from_any_side was corrected from null to its default, false. 
[07mar.2025 16:19:01.095] [modloading-worker-0/WARN] [net.minecraftforge.common.ForgeConfigSpec/CORE]: Incorrect key redstone.turn_table was corrected from null to its default, SimpleCommentedConfig:{}. 
[07mar.2025 16:19:01.095] [modloading-worker-0/WARN] [net.minecraftforge.common.ForgeConfigSpec/CORE]: Incorrect key redstone.turn_table.enabled was corrected from null to its default, true. 
[07mar.2025 16:19:01.095] [modloading-worker-0/WARN] [net.minecraftforge.common.ForgeConfigSpec/CORE]: Incorrect key redstone.turn_table.rotate_entities was corrected from null to its default, true. 
[07mar.2025 16:19:01.095] [modloading-worker-0/WARN] [net.minecraftforge.common.ForgeConfigSpec/CORE]: Incorrect key redstone.turn_table.shuffle_containers was corrected from null to its default, true. 
[07mar.2025 16:19:01.095] [modloading-worker-0/WARN] [net.minecraftforge.common.ForgeConfigSpec/CORE]: Incorrect key redstone.pulley_block was corrected from null to its default, SimpleCommentedConfig:{}. 
[07mar.2025 16:19:01.095] [modloading-worker-0/WARN] [net.minecraftforge.common.ForgeConfigSpec/CORE]: Incorrect key redstone.pulley_block.enabled was corrected from null to its default, true. 
[07mar.2025 16:19:01.095] [modloading-worker-0/WARN] [net.minecraftforge.common.ForgeConfigSpec/CORE]: Incorrect key redstone.pulley_block.mineshaft_elevator was corrected from null to its default, 0.035. 
[07mar.2025 16:19:01.095] [modloading-worker-0/WARN] [net.minecraftforge.common.ForgeConfigSpec/CORE]: Incorrect key redstone.dispenser_minecart was corrected from null to its default, SimpleCommentedConfig:{}. 
[07mar.2025 16:19:01.095] [modloading-worker-0/WARN] [net.minecraftforge.common.ForgeConfigSpec/CORE]: Incorrect key redstone.dispenser_minecart.enabled was corrected from null to its default, true. 
[07mar.2025 16:19:01.095] [modloading-worker-0/WARN] [net.minecraftforge.common.ForgeConfigSpec/CORE]: Incorrect key redstone.dispenser_minecart.adjust_projectile_angle was corrected from null to its default, true. 
[07mar.2025 16:19:01.096] [modloading-worker-0/WARN] [net.minecraftforge.common.ForgeConfigSpec/CORE]: Incorrect key redstone.faucet was corrected from null to its default, SimpleCommentedConfig:{}. 
[07mar.2025 16:19:01.096] [modloading-worker-0/WARN] [net.minecraftforge.common.ForgeConfigSpec/CORE]: Incorrect key redstone.faucet.enabled was corrected from null to its default, true. 
[07mar.2025 16:19:01.096] [modloading-worker-0/WARN] [net.minecraftforge.common.ForgeConfigSpec/CORE]: Incorrect key redstone.faucet.spill_items was corrected from null to its default, true. 
[07mar.2025 16:19:01.096] [modloading-worker-0/WARN] [net.minecraftforge.common.ForgeConfigSpec/CORE]: Incorrect key redstone.faucet.fill_entities_below was corrected from null to its default, false. 
[07mar.2025 16:19:01.096] [modloading-worker-0/WARN] [net.minecraftforge.common.ForgeConfigSpec/CORE]: Incorrect key redstone.crystal_display was corrected from null to its default, SimpleCommentedConfig:{}. 
[07mar.2025 16:19:01.096] [modloading-worker-0/WARN] [net.minecraftforge.common.ForgeConfigSpec/CORE]: Incorrect key redstone.crystal_display.enabled was corrected from null to its default, true. 
[07mar.2025 16:19:01.096] [modloading-worker-0/WARN] [net.minecraftforge.common.ForgeConfigSpec/CORE]: Incorrect key redstone.crystal_display.chaining was corrected from null to its default, true. 
[07mar.2025 16:19:01.096] [modloading-worker-0/WARN] [net.minecraftforge.common.ForgeConfigSpec/CORE]: Incorrect key redstone.wind_vane was corrected from null to its default, true. 
[07mar.2025 16:19:01.096] [modloading-worker-0/WARN] [net.minecraftforge.common.ForgeConfigSpec/CORE]: Incorrect key redstone.clock_block was corrected from null to its default, true. 
[07mar.2025 16:19:01.096] [modloading-worker-0/WARN] [net.minecraftforge.common.ForgeConfigSpec/CORE]: Incorrect key redstone.redstone_illuminator was corrected from null to its default, true. 
[07mar.2025 16:19:01.096] [modloading-worker-0/WARN] [net.minecraftforge.common.ForgeConfigSpec/CORE]: Incorrect key redstone.crank was corrected from null to its default, true. 
[07mar.2025 16:19:01.096] [modloading-worker-0/WARN] [net.minecraftforge.common.ForgeConfigSpec/CORE]: Incorrect key redstone.cog_block was corrected from null to its default, true. 
[07mar.2025 16:19:01.096] [modloading-worker-0/WARN] [net.minecraftforge.common.ForgeConfigSpec/CORE]: Incorrect key redstone.gold_door was corrected from null to its default, true. 
[07mar.2025 16:19:01.096] [modloading-worker-0/WARN] [net.minecraftforge.common.ForgeConfigSpec/CORE]: Incorrect key redstone.gold_trapdoor was corrected from null to its default, true. 
[07mar.2025 16:19:01.096] [modloading-worker-0/WARN] [net.minecraftforge.common.ForgeConfigSpec/CORE]: Incorrect key redstone.lock_block was corrected from null to its default, true. 
[07mar.2025 16:19:01.096] [modloading-worker-0/WARN] [net.minecraftforge.common.ForgeConfigSpec/CORE]: Incorrect key redstone.relayer was corrected from null to its default, true. 
[07mar.2025 16:19:01.098] [modloading-worker-0/WARN] [net.minecraftforge.common.ForgeConfigSpec/CORE]: Incorrect key functional was corrected from null to its default, SimpleCommentedConfig:{}. 
[07mar.2025 16:19:01.098] [modloading-worker-0/WARN] [net.minecraftforge.common.ForgeConfigSpec/CORE]: Incorrect key functional.rope was corrected from null to its default, SimpleCommentedConfig:{}. 
[07mar.2025 16:19:01.098] [modloading-worker-0/WARN] [net.minecraftforge.common.ForgeConfigSpec/CORE]: Incorrect key functional.rope.block_side_attachment was corrected from null to its default, true. 
[07mar.2025 16:19:01.098] [modloading-worker-0/WARN] [net.minecraftforge.common.ForgeConfigSpec/CORE]: Incorrect key functional.rope.slide_on_fall was corrected from null to its default, true. 
[07mar.2025 16:19:01.098] [modloading-worker-0/WARN] [net.minecraftforge.common.ForgeConfigSpec/CORE]: Incorrect key functional.rope.rope_override was corrected from null to its default, supplementaries:rope. 
[07mar.2025 16:19:01.098] [modloading-worker-0/WARN] [net.minecraftforge.common.ForgeConfigSpec/CORE]: Incorrect key functional.rope.horizontal_ropes was corrected from null to its default, true. 
[07mar.2025 16:19:01.098] [modloading-worker-0/WARN] [net.minecraftforge.common.ForgeConfigSpec/CORE]: Incorrect key functional.rope.replace_in_loot_tables was corrected from null to its default, NONE. 
[07mar.2025 16:19:01.098] [modloading-worker-0/WARN] [net.minecraftforge.common.ForgeConfigSpec/CORE]: Incorrect key functional.jar was corrected from null to its default, SimpleCommentedConfig:{}. 
[07mar.2025 16:19:01.099] [modloading-worker-0/WARN] [net.minecraftforge.common.ForgeConfigSpec/CORE]: Incorrect key functional.jar.enabled was corrected from null to its default, true. 
[07mar.2025 16:19:01.099] [modloading-worker-0/WARN] [net.minecraftforge.common.ForgeConfigSpec/CORE]: Incorrect key functional.jar.capacity was corrected from null to its default, 12. 
[07mar.2025 16:19:01.099] [modloading-worker-0/WARN] [net.minecraftforge.common.ForgeConfigSpec/CORE]: Incorrect key functional.jar.drink_from_jar was corrected from null to its default, false. 
[07mar.2025 16:19:01.099] [modloading-worker-0/WARN] [net.minecraftforge.common.ForgeConfigSpec/CORE]: Incorrect key functional.jar.drink_from_jar_item was corrected from null to its default, false. 
[07mar.2025 16:19:01.099] [modloading-worker-0/WARN] [net.minecraftforge.common.ForgeConfigSpec/CORE]: Incorrect key functional.jar.jar_auto_detect was corrected from null to its default, false. 
[07mar.2025 16:19:01.099] [modloading-worker-0/WARN] [net.minecraftforge.common.ForgeConfigSpec/CORE]: Incorrect key functional.jar.jar_capture was corrected from null to its default, true. 
[07mar.2025 16:19:01.099] [modloading-worker-0/WARN] [net.minecraftforge.common.ForgeConfigSpec/CORE]: Incorrect key functional.jar.jar_cookies was corrected from null to its default, true. 
[07mar.2025 16:19:01.099] [modloading-worker-0/WARN] [net.minecraftforge.common.ForgeConfigSpec/CORE]: Incorrect key functional.jar.jar_liquids was corrected from null to its default, true. 
[07mar.2025 16:19:01.099] [modloading-worker-0/WARN] [net.minecraftforge.common.ForgeConfigSpec/CORE]: Incorrect key functional.cage was corrected from null to its default, SimpleCommentedConfig:{}. 
[07mar.2025 16:19:01.099] [modloading-worker-0/WARN] [net.minecraftforge.common.ForgeConfigSpec/CORE]: Incorrect key functional.cage.enabled was corrected from null to its default, true. 
[07mar.2025 16:19:01.099] [modloading-worker-0/WARN] [net.minecraftforge.common.ForgeConfigSpec/CORE]: Incorrect key functional.cage.allow_all_mobs was corrected from null to its default, false. 
[07mar.2025 16:19:01.099] [modloading-worker-0/WARN] [net.minecraftforge.common.ForgeConfigSpec/CORE]: Incorrect key functional.cage.cage_allow_all_babies was corrected from null to its default, false. 
[07mar.2025 16:19:01.099] [modloading-worker-0/WARN] [net.minecraftforge.common.ForgeConfigSpec/CORE]: Incorrect key functional.cage.cage_auto_detect was corrected from null to its default, false. 
[07mar.2025 16:19:01.099] [modloading-worker-0/WARN] [net.minecraftforge.common.ForgeConfigSpec/CORE]: Incorrect key functional.cage.persistent_mobs was corrected from null to its default, false. 
[07mar.2025 16:19:01.100] [modloading-worker-0/WARN] [net.minecraftforge.common.ForgeConfigSpec/CORE]: Incorrect key functional.cage.health_threshold was corrected from null to its default, 100. 
[07mar.2025 16:19:01.100] [modloading-worker-0/WARN] [net.minecraftforge.common.ForgeConfigSpec/CORE]: Incorrect key functional.cage.require_taming was corrected from null to its default, true. 
[07mar.2025 16:19:01.100] [modloading-worker-0/WARN] [net.minecraftforge.common.ForgeConfigSpec/CORE]: Incorrect key functional.safe was corrected from null to its default, SimpleCommentedConfig:{}. 
[07mar.2025 16:19:01.100] [modloading-worker-0/WARN] [net.minecraftforge.common.ForgeConfigSpec/CORE]: Incorrect key functional.safe.enabled was corrected from null to its default, true. 
[07mar.2025 16:19:01.100] [modloading-worker-0/WARN] [net.minecraftforge.common.ForgeConfigSpec/CORE]: Incorrect key functional.safe.prevent_breaking was corrected from null to its default, false. 
[07mar.2025 16:19:01.100] [modloading-worker-0/WARN] [net.minecraftforge.common.ForgeConfigSpec/CORE]: Incorrect key functional.safe.simple_safes was corrected from null to its default, false. 
[07mar.2025 16:19:01.100] [modloading-worker-0/WARN] [net.minecraftforge.common.ForgeConfigSpec/CORE]: Incorrect key functional.sack was corrected from null to its default, SimpleCommentedConfig:{}. 
[07mar.2025 16:19:01.100] [modloading-worker-0/WARN] [net.minecraftforge.common.ForgeConfigSpec/CORE]: Incorrect key functional.sack.enabled was corrected from null to its default, true. 
[07mar.2025 16:19:01.100] [modloading-worker-0/WARN] [net.minecraftforge.common.ForgeConfigSpec/CORE]: Incorrect key functional.sack.sack_penalty was corrected from null to its default, true. 
[07mar.2025 16:19:01.100] [modloading-worker-0/WARN] [net.minecraftforge.common.ForgeConfigSpec/CORE]: Incorrect key functional.sack.sack_increment was corrected from null to its default, 2. 
[07mar.2025 16:19:01.100] [modloading-worker-0/WARN] [net.minecraftforge.common.ForgeConfigSpec/CORE]: Incorrect key functional.sack.slots was corrected from null to its default, 9. 
[07mar.2025 16:19:01.100] [modloading-worker-0/WARN] [net.minecraftforge.common.ForgeConfigSpec/CORE]: Incorrect key functional.bamboo_spikes was corrected from null to its default, SimpleCommentedConfig:{}. 
[07mar.2025 16:19:01.100] [modloading-worker-0/WARN] [net.minecraftforge.common.ForgeConfigSpec/CORE]: Incorrect key functional.bamboo_spikes.enabled was corrected from null to its default, true. 
[07mar.2025 16:19:01.100] [modloading-worker-0/WARN] [net.minecraftforge.common.ForgeConfigSpec/CORE]: Incorrect key functional.bamboo_spikes.tipped_spikes was corrected from null to its default, true. 
[07mar.2025 16:19:01.100] [modloading-worker-0/WARN] [net.minecraftforge.common.ForgeConfigSpec/CORE]: Incorrect key functional.bamboo_spikes.player_loot was corrected from null to its default, false. 
[07mar.2025 16:19:01.100] [modloading-worker-0/WARN] [net.minecraftforge.common.ForgeConfigSpec/CORE]: Incorrect key functional.bamboo_spikes.only_allow_harmful_effects was corrected from null to its default, true. 
[07mar.2025 16:19:01.101] [modloading-worker-0/WARN] [net.minecraftforge.common.ForgeConfigSpec/CORE]: Incorrect key functional.bamboo_spikes.populate_creative_tab was corrected from null to its default, true. 
[07mar.2025 16:19:01.101] [modloading-worker-0/WARN] [net.minecraftforge.common.ForgeConfigSpec/CORE]: Incorrect key functional.urn was corrected from null to its default, SimpleCommentedConfig:{}. 
[07mar.2025 16:19:01.101] [modloading-worker-0/WARN] [net.minecraftforge.common.ForgeConfigSpec/CORE]: Incorrect key functional.urn.enabled was corrected from null to its default, true. 
[07mar.2025 16:19:01.101] [modloading-worker-0/WARN] [net.minecraftforge.common.ForgeConfigSpec/CORE]: Incorrect key functional.urn.critter_spawn_chance was corrected from null to its default, 0.01. 
[07mar.2025 16:19:01.101] [modloading-worker-0/WARN] [net.minecraftforge.common.ForgeConfigSpec/CORE]: Incorrect key functional.urn.cave_urns was corrected from null to its default, true. 
[07mar.2025 16:19:01.101] [modloading-worker-0/WARN] [net.minecraftforge.common.ForgeConfigSpec/CORE]: Incorrect key functional.soap was corrected from null to its default, SimpleCommentedConfig:{}. 
[07mar.2025 16:19:01.101] [modloading-worker-0/WARN] [net.minecraftforge.common.ForgeConfigSpec/CORE]: Incorrect key functional.soap.enabled was corrected from null to its default, true. 
[07mar.2025 16:19:01.101] [modloading-worker-0/WARN] [net.minecraftforge.common.ForgeConfigSpec/CORE]: Incorrect key functional.soap.clean_blacklist was corrected from null to its default, [minecraft:glazed_terracotta, botania:mystical_flower, mna:chimerite_crystal, botania:floating_flower, ,minecraft:mushroom, botania:mushroom, botania:tall_mystical_flower, botania:petal_block, morered:network_cable, xycraft_world:glowing_shiny_aurey_block, xycraft_world:shiny_aurey_block, xycraft_world:rgb_lamp, xycraft_world:glowing_rgb_viewer, xycraft_world:glowing_matte_rgb_block, xycraft_world:rgb_lamp_pole]. 
[07mar.2025 16:19:01.131] [modloading-worker-0/WARN] [net.minecraftforge.common.ForgeConfigSpec/CORE]: Incorrect key functional.soap.special_blocks was corrected from null to its default, SimpleCommentedConfig:{minecraft:sticky_piston=minecraft:piston, quark:dirty_glass_pane=minecraft:glass_pane, quark:dirty_glass=minecraft:glass, #alexscaves:cave_paintings=alexscaves:smooth_limestone}. 
[07mar.2025 16:19:01.132] [modloading-worker-0/WARN] [net.minecraftforge.common.ForgeConfigSpec/CORE]: Incorrect key functional.cannon was corrected from null to its default, SimpleCommentedConfig:{}. 
[07mar.2025 16:19:01.132] [modloading-worker-0/WARN] [net.minecraftforge.common.ForgeConfigSpec/CORE]: Incorrect key functional.cannon.enabled was corrected from null to its default, true. 
[07mar.2025 16:19:01.133] [modloading-worker-0/WARN] [net.minecraftforge.common.ForgeConfigSpec/CORE]: Incorrect key functional.cannon.fire_power was corrected from null to its default, 0.6. 
[07mar.2025 16:19:01.133] [modloading-worker-0/WARN] [net.minecraftforge.common.ForgeConfigSpec/CORE]: Incorrect key functional.cannon.fuse_time was corrected from null to its default, 40. 
[07mar.2025 16:19:01.133] [modloading-worker-0/WARN] [net.minecraftforge.common.ForgeConfigSpec/CORE]: Incorrect key functional.cannon.cooldown was corrected from null to its default, 60. 
[07mar.2025 16:19:01.133] [modloading-worker-0/WARN] [net.minecraftforge.common.ForgeConfigSpec/CORE]: Incorrect key functional.cannon.cannonball was corrected from null to its default, true. 
[07mar.2025 16:19:01.133] [modloading-worker-0/WARN] [net.minecraftforge.common.ForgeConfigSpec/CORE]: Incorrect key functional.cannon.music_disc_heave_ho was corrected from null to its default, true. 
[07mar.2025 16:19:01.133] [modloading-worker-0/WARN] [net.minecraftforge.common.ForgeConfigSpec/CORE]: Incorrect key functional.present was corrected from null to its default, SimpleCommentedConfig:{}. 
[07mar.2025 16:19:01.133] [modloading-worker-0/WARN] [net.minecraftforge.common.ForgeConfigSpec/CORE]: Incorrect key functional.present.enabled was corrected from null to its default, true. 
[07mar.2025 16:19:01.133] [modloading-worker-0/WARN] [net.minecraftforge.common.ForgeConfigSpec/CORE]: Incorrect key functional.present.trapped_present was corrected from null to its default, true. 
[07mar.2025 16:19:01.133] [modloading-worker-0/WARN] [net.minecraftforge.common.ForgeConfigSpec/CORE]: Incorrect key functional.flax was corrected from null to its default, SimpleCommentedConfig:{}. 
[07mar.2025 16:19:01.133] [modloading-worker-0/WARN] [net.minecraftforge.common.ForgeConfigSpec/CORE]: Incorrect key functional.flax.enabled was corrected from null to its default, true. 
[07mar.2025 16:19:01.133] [modloading-worker-0/WARN] [net.minecraftforge.common.ForgeConfigSpec/CORE]: Incorrect key functional.flax.wild_flax was corrected from null to its default, true. 
[07mar.2025 16:19:01.133] [modloading-worker-0/WARN] [net.minecraftforge.common.ForgeConfigSpec/CORE]: Incorrect key functional.lumisene was corrected from null to its default, SimpleCommentedConfig:{}. 
[07mar.2025 16:19:01.133] [modloading-worker-0/WARN] [net.minecraftforge.common.ForgeConfigSpec/CORE]: Incorrect key functional.lumisene.enabled was corrected from null to its default, true. 
[07mar.2025 16:19:01.134] [modloading-worker-0/WARN] [net.minecraftforge.common.ForgeConfigSpec/CORE]: Incorrect key functional.lumisene.lumisene_bottle was corrected from null to its default, SimpleCommentedConfig:{}. 
[07mar.2025 16:19:01.134] [modloading-worker-0/WARN] [net.minecraftforge.common.ForgeConfigSpec/CORE]: Incorrect key functional.lumisene.lumisene_bottle.enabled was corrected from null to its default, true. 
[07mar.2025 16:19:01.134] [modloading-worker-0/WARN] [net.minecraftforge.common.ForgeConfigSpec/CORE]: Incorrect key functional.lumisene.lumisene_bottle.flammable_duration was corrected from null to its default, 300. 
[07mar.2025 16:19:01.134] [modloading-worker-0/WARN] [net.minecraftforge.common.ForgeConfigSpec/CORE]: Incorrect key functional.lumisene.lumisene_bottle.glowing_duration was corrected from null to its default, 200. 
[07mar.2025 16:19:01.134] [modloading-worker-0/WARN] [net.minecraftforge.common.ForgeConfigSpec/CORE]: Incorrect key functional.lumisene.flammable_from_lumisene_block_duration was corrected from null to its default, 50. 
[07mar.2025 16:19:01.134] [modloading-worker-0/WARN] [net.minecraftforge.common.ForgeConfigSpec/CORE]: Incorrect key functional.fodder was corrected from null to its default, true. 
[07mar.2025 16:19:01.134] [modloading-worker-0/WARN] [net.minecraftforge.common.ForgeConfigSpec/CORE]: Incorrect key functional.hourglass was corrected from null to its default, true. 
[07mar.2025 16:19:01.136] [modloading-worker-0/WARN] [net.minecraftforge.common.ForgeConfigSpec/CORE]: Incorrect key hanging_sign.swing_physics was corrected from null to its default, SimpleCommentedConfig:{min_angle=0.79999995, collision_force=15.0, damping=0.525, collision_inertia=1.0, collision_considers_entity_hitbox=true, frequency=0.6, max_angle=60.0}. 
[07mar.2025 16:19:01.137] [modloading-worker-0/WARN] [net.minecraftforge.common.ForgeConfigSpec/CORE]: Incorrect key lantern was corrected from null to its default, SimpleCommentedConfig:{}. 
[07mar.2025 16:19:01.138] [modloading-worker-0/WARN] [net.minecraftforge.common.ForgeConfigSpec/CORE]: Incorrect key lantern.fast_lanterns was corrected from null to its default, false. 
[07mar.2025 16:19:01.138] [modloading-worker-0/WARN] [net.minecraftforge.common.ForgeConfigSpec/CORE]: Incorrect key building was corrected from null to its default, SimpleCommentedConfig:{}. 
[07mar.2025 16:19:01.138] [modloading-worker-0/WARN] [net.minecraftforge.common.ForgeConfigSpec/CORE]: Incorrect key building.blackboard was corrected from null to its default, SimpleCommentedConfig:{}. 
[07mar.2025 16:19:01.138] [modloading-worker-0/WARN] [net.minecraftforge.common.ForgeConfigSpec/CORE]: Incorrect key building.blackboard.enabled was corrected from null to its default, true. 
[07mar.2025 16:19:01.138] [modloading-worker-0/WARN] [net.minecraftforge.common.ForgeConfigSpec/CORE]: Incorrect key building.blackboard.colored_blackboard was corrected from null to its default, false. 
[07mar.2025 16:19:01.138] [modloading-worker-0/WARN] [net.minecraftforge.common.ForgeConfigSpec/CORE]: Incorrect key building.blackboard.interaction_mode was corrected from null to its default, BOTH. 
[07mar.2025 16:19:01.138] [modloading-worker-0/WARN] [net.minecraftforge.common.ForgeConfigSpec/CORE]: Incorrect key lantern.swing_physics was corrected from null to its default, SimpleCommentedConfig:{min_angle=0.79999995, collision_force=15.0, damping=0.525, collision_inertia=1.0, collision_considers_entity_hitbox=true, frequency=0.6, max_angle=60.0}. 
[07mar.2025 16:19:01.138] [modloading-worker-0/WARN] [net.minecraftforge.common.ForgeConfigSpec/CORE]: Incorrect key building.gravel_bricks was corrected from null to its default, SimpleCommentedConfig:{}. 
[07mar.2025 16:19:01.138] [modloading-worker-0/WARN] [net.minecraftforge.common.ForgeConfigSpec/CORE]: Incorrect key lantern.lantern_item_size was corrected from null to its default, 0.625. 
[07mar.2025 16:19:01.138] [modloading-worker-0/WARN] [net.minecraftforge.common.ForgeConfigSpec/CORE]: Incorrect key building.gravel_bricks.enabled was corrected from null to its default, true. 
[07mar.2025 16:19:01.138] [modloading-worker-0/WARN] [net.minecraftforge.common.ForgeConfigSpec/CORE]: Incorrect key building.slidy_block was corrected from null to its default, SimpleCommentedConfig:{}. 
[07mar.2025 16:19:01.138] [modloading-worker-0/WARN] [net.minecraftforge.common.ForgeConfigSpec/CORE]: Incorrect key lantern.lantern_item_holding was corrected from null to its default, true. 
[07mar.2025 16:19:01.138] [modloading-worker-0/WARN] [net.minecraftforge.common.ForgeConfigSpec/CORE]: Incorrect key building.slidy_block.enabled was corrected from null to its default, true. 
[07mar.2025 16:19:01.138] [modloading-worker-0/WARN] [net.minecraftforge.common.ForgeConfigSpec/CORE]: Incorrect key building.slidy_block.speed was corrected from null to its default, 0.125. 
[07mar.2025 16:19:01.138] [modloading-worker-0/WARN] [net.minecraftforge.common.ForgeConfigSpec/CORE]: Incorrect key lantern.lantern_item_holding_up was corrected from null to its default, false. 
[07mar.2025 16:19:01.138] [modloading-worker-0/WARN] [net.minecraftforge.common.ForgeConfigSpec/CORE]: Incorrect key building.timber_frame was corrected from null to its default, SimpleCommentedConfig:{}. 
[07mar.2025 16:19:01.138] [modloading-worker-0/WARN] [net.minecraftforge.common.ForgeConfigSpec/CORE]: Incorrect key building.timber_frame.enabled was corrected from null to its default, true. 
[07mar.2025 16:19:01.138] [modloading-worker-0/WARN] [net.minecraftforge.common.ForgeConfigSpec/CORE]: Incorrect key building.timber_frame.swap_on_shift was corrected from null to its default, false. 
[07mar.2025 16:19:01.138] [modloading-worker-0/WARN] [net.minecraftforge.common.ForgeConfigSpec/CORE]: Incorrect key building.timber_frame.axes_strip was corrected from null to its default, true. 
[07mar.2025 16:19:01.139] [modloading-worker-0/WARN] [net.minecraftforge.common.ForgeConfigSpec/CORE]: Incorrect key building.timber_frame.replace_daub was corrected from null to its default, true. 
[07mar.2025 16:19:01.139] [modloading-worker-0/WARN] [net.minecraftforge.common.ForgeConfigSpec/CORE]: Incorrect key building.iron_gate was corrected from null to its default, SimpleCommentedConfig:{}. 
[07mar.2025 16:19:01.139] [modloading-worker-0/WARN] [net.minecraftforge.common.ForgeConfigSpec/CORE]: Incorrect key building.iron_gate.enabled was corrected from null to its default, true. 
[07mar.2025 16:19:01.139] [modloading-worker-0/WARN] [net.minecraftforge.common.ForgeConfigSpec/CORE]: Incorrect key building.iron_gate.double_opening was corrected from null to its default, true. 
[07mar.2025 16:19:01.139] [modloading-worker-0/WARN] [net.minecraftforge.common.ForgeConfigSpec/CORE]: Incorrect key building.iron_gate.door-like_gates was corrected from null to its default, false. 
[07mar.2025 16:19:01.139] [modloading-worker-0/WARN] [net.minecraftforge.common.ForgeConfigSpec/CORE]: Incorrect key building.item_shelf was corrected from null to its default, SimpleCommentedConfig:{}. 
[07mar.2025 16:19:01.139] [modloading-worker-0/WARN] [net.minecraftforge.common.ForgeConfigSpec/CORE]: Incorrect key building.item_shelf.enabled was corrected from null to its default, true. 
[07mar.2025 16:19:01.139] [modloading-worker-0/WARN] [net.minecraftforge.common.ForgeConfigSpec/CORE]: Incorrect key building.item_shelf.climbable_shelves was corrected from null to its default, false. 
[07mar.2025 16:19:01.139] [modloading-worker-0/WARN] [net.minecraftforge.common.ForgeConfigSpec/CORE]: Incorrect key building.sugar_cube was corrected from null to its default, SimpleCommentedConfig:{}. 
[07mar.2025 16:19:01.139] [modloading-worker-0/WARN] [net.minecraftforge.common.ForgeConfigSpec/CORE]: Incorrect key building.sugar_cube.enabled was corrected from null to its default, true. 
[07mar.2025 16:19:01.139] [modloading-worker-0/WARN] [net.minecraftforge.common.ForgeConfigSpec/CORE]: Incorrect key building.sugar_cube.dissolve_in_rain was corrected from null to its default, true. 
[07mar.2025 16:19:01.139] [modloading-worker-0/WARN] [net.minecraftforge.common.ForgeConfigSpec/CORE]: Incorrect key building.sugar_cube.horse_speed_duration was corrected from null to its default, 10. 
[07mar.2025 16:19:01.139] [modloading-worker-0/WARN] [net.minecraftforge.common.ForgeConfigSpec/CORE]: Incorrect key building.planter was corrected from null to its default, SimpleCommentedConfig:{}. 
[07mar.2025 16:19:01.139] [modloading-worker-0/WARN] [net.minecraftforge.common.ForgeConfigSpec/CORE]: Incorrect key cauldron was corrected from null to its default, SimpleCommentedConfig:{}. 
[07mar.2025 16:19:01.140] [modloading-worker-0/WARN] [net.minecraftforge.common.ForgeConfigSpec/CORE]: Incorrect key cauldron.potion_texture was corrected from null to its default, true. 
[07mar.2025 16:19:01.139] [modloading-worker-0/WARN] [net.minecraftforge.common.ForgeConfigSpec/CORE]: Incorrect key building.planter.enabled was corrected from null to its default, true. 
[07mar.2025 16:19:01.140] [modloading-worker-0/WARN] [net.minecraftforge.common.ForgeConfigSpec/CORE]: Incorrect key building.planter.broken_by_sapling was corrected from null to its default, false. 
[07mar.2025 16:19:01.140] [modloading-worker-0/WARN] [net.minecraftforge.common.ForgeConfigSpec/CORE]: Incorrect key building.planter.rich_soil_planter was corrected from null to its default, true. 
[07mar.2025 16:19:01.140] [modloading-worker-0/WARN] [net.minecraftforge.common.ForgeConfigSpec/CORE]: Incorrect key building.notice_board was corrected from null to its default, SimpleCommentedConfig:{}. 
[07mar.2025 16:19:01.140] [modloading-worker-0/WARN] [net.minecraftforge.common.ForgeConfigSpec/CORE]: Incorrect key building.notice_board.enabled was corrected from null to its default, true. 
[07mar.2025 16:19:01.140] [modloading-worker-0/WARN] [net.minecraftforge.common.ForgeConfigSpec/CORE]: Incorrect key building.notice_board.allow_any_item was corrected from null to its default, false. 
[07mar.2025 16:19:01.140] [modloading-worker-0/WARN] [net.minecraftforge.common.ForgeConfigSpec/CORE]: Incorrect key building.notice_board.gui was corrected from null to its default, true. 
[07mar.2025 16:19:01.141] [modloading-worker-0/WARN] [net.minecraftforge.common.ForgeConfigSpec/CORE]: Incorrect key building.pedestal was corrected from null to its default, SimpleCommentedConfig:{}. 
[07mar.2025 16:19:01.141] [modloading-worker-0/WARN] [net.minecraftforge.common.ForgeConfigSpec/CORE]: Incorrect key building.pedestal.enabled was corrected from null to its default, true. 
[07mar.2025 16:19:01.141] [modloading-worker-0/WARN] [net.minecraftforge.common.ForgeConfigSpec/CORE]: Incorrect key jukebox was corrected from null to its default, SimpleCommentedConfig:{}. 
[07mar.2025 16:19:01.141] [modloading-worker-0/WARN] [net.minecraftforge.common.ForgeConfigSpec/CORE]: Incorrect key building.pedestal.crystal_enchanting was corrected from null to its default, 3.0. 
[07mar.2025 16:19:01.141] [modloading-worker-0/WARN] [net.minecraftforge.common.ForgeConfigSpec/CORE]: Incorrect key jukebox.new_model was corrected from null to its default, true. 
[07mar.2025 16:19:01.141] [modloading-worker-0/WARN] [net.minecraftforge.common.ForgeConfigSpec/CORE]: Incorrect key building.ash was corrected from null to its default, SimpleCommentedConfig:{}. 
[07mar.2025 16:19:01.141] [modloading-worker-0/WARN] [net.minecraftforge.common.ForgeConfigSpec/CORE]: Incorrect key jukebox.disc_spin was corrected from null to its default, true. 
[07mar.2025 16:19:01.141] [modloading-worker-0/WARN] [net.minecraftforge.common.ForgeConfigSpec/CORE]: Incorrect key building.ash.enabled was corrected from null to its default, true. 
[07mar.2025 16:19:01.141] [modloading-worker-0/WARN] [net.minecraftforge.common.ForgeConfigSpec/CORE]: Incorrect key building.ash.ash_from_fire_chance was corrected from null to its default, 1.0. 
[07mar.2025 16:19:01.141] [modloading-worker-0/WARN] [net.minecraftforge.common.ForgeConfigSpec/CORE]: Incorrect key building.ash.ash_from_burning_mobs was corrected from null to its default, true. 
[07mar.2025 16:19:01.142] [modloading-worker-0/WARN] [net.minecraftforge.common.ForgeConfigSpec/CORE]: Incorrect key building.ash.rain_wash_ash was corrected from null to its default, true. 
[07mar.2025 16:19:01.142] [modloading-worker-0/WARN] [net.minecraftforge.common.ForgeConfigSpec/CORE]: Incorrect key building.ash.basalt_ash was corrected from null to its default, true. 
[07mar.2025 16:19:01.142] [modloading-worker-0/WARN] [net.minecraftforge.common.ForgeConfigSpec/CORE]: Incorrect key building.flag was corrected from null to its default, SimpleCommentedConfig:{}. 
[07mar.2025 16:19:01.142] [modloading-worker-0/WARN] [net.minecraftforge.common.ForgeConfigSpec/CORE]: Incorrect key building.flag.enabled was corrected from null to its default, true. 
[07mar.2025 16:19:01.142] [modloading-worker-0/WARN] [net.minecraftforge.common.ForgeConfigSpec/CORE]: Incorrect key building.flag.stick_pole was corrected from null to its default, true. 
[07mar.2025 16:19:01.142] [modloading-worker-0/WARN] [net.minecraftforge.common.ForgeConfigSpec/CORE]: Incorrect key building.flag.pole_length was corrected from null to its default, 16. 
[07mar.2025 16:19:01.142] [modloading-worker-0/WARN] [net.minecraftforge.common.ForgeConfigSpec/CORE]: Incorrect key building.goblet was corrected from null to its default, SimpleCommentedConfig:{}. 
[07mar.2025 16:19:01.142] [modloading-worker-0/WARN] [net.minecraftforge.common.ForgeConfigSpec/CORE]: Incorrect key building.goblet.enabled was corrected from null to its default, true. 
[07mar.2025 16:19:01.142] [modloading-worker-0/WARN] [net.minecraftforge.common.ForgeConfigSpec/CORE]: Incorrect key building.goblet.allow_drinking was corrected from null to its default, true. 
[07mar.2025 16:19:01.142] [modloading-worker-0/WARN] [net.minecraftforge.common.ForgeConfigSpec/CORE]: Incorrect key building.globe was corrected from null to its default, SimpleCommentedConfig:{}. 
[07mar.2025 16:19:01.143] [modloading-worker-0/WARN] [net.minecraftforge.common.ForgeConfigSpec/CORE]: Incorrect key building.globe.enabled was corrected from null to its default, true. 
[07mar.2025 16:19:01.143] [modloading-worker-0/WARN] [net.minecraftforge.common.ForgeConfigSpec/CORE]: Incorrect key building.globe.sepia_globe was corrected from null to its default, true. 
[07mar.2025 16:19:01.143] [modloading-worker-0/WARN] [net.minecraftforge.common.ForgeConfigSpec/CORE]: Incorrect key building.sign_post was corrected from null to its default, SimpleCommentedConfig:{}. 
[07mar.2025 16:19:01.143] [modloading-worker-0/WARN] [net.minecraftforge.common.ForgeConfigSpec/CORE]: Incorrect key building.sign_post.enabled was corrected from null to its default, true. 
[07mar.2025 16:19:01.143] [modloading-worker-0/WARN] [net.minecraftforge.common.ForgeConfigSpec/CORE]: Incorrect key building.sign_post.way_sign was corrected from null to its default, SimpleCommentedConfig:{}. 
[07mar.2025 16:19:01.143] [modloading-worker-0/WARN] [net.minecraftforge.common.ForgeConfigSpec/CORE]: Incorrect key building.sign_post.way_sign.enabled was corrected from null to its default, true. 
[07mar.2025 16:19:01.143] [modloading-worker-0/WARN] [net.minecraftforge.common.ForgeConfigSpec/CORE]: Incorrect key building.sign_post.way_sign.show_distance_text was corrected from null to its default, true. 
[07mar.2025 16:19:01.143] [modloading-worker-0/WARN] [net.minecraftforge.common.ForgeConfigSpec/CORE]: Incorrect key building.daub was corrected from null to its default, SimpleCommentedConfig:{}. 
[07mar.2025 16:19:01.143] [modloading-worker-0/WARN] [net.minecraftforge.common.ForgeConfigSpec/CORE]: Incorrect key building.daub.enabled was corrected from null to its default, true. 
[07mar.2025 16:19:01.143] [modloading-worker-0/WARN] [net.minecraftforge.common.ForgeConfigSpec/CORE]: Incorrect key building.daub.wattle_and_daub was corrected from null to its default, true. 
[07mar.2025 16:19:01.143] [modloading-worker-0/WARN] [net.minecraftforge.common.ForgeConfigSpec/CORE]: Incorrect key building.ash_bricks was corrected from null to its default, SimpleCommentedConfig:{}. 
[07mar.2025 16:19:01.143] [modloading-worker-0/WARN] [net.minecraftforge.common.ForgeConfigSpec/CORE]: Incorrect key building.ash_bricks.enabled was corrected from null to its default, true. 
[07mar.2025 16:19:01.143] [modloading-worker-0/WARN] [net.minecraftforge.common.ForgeConfigSpec/CORE]: Incorrect key building.hat_stand was corrected from null to its default, SimpleCommentedConfig:{}. 
[07mar.2025 16:19:01.143] [modloading-worker-0/WARN] [net.minecraftforge.common.ForgeConfigSpec/CORE]: Incorrect key building.hat_stand.enabled was corrected from null to its default, true. 
[07mar.2025 16:19:01.143] [modloading-worker-0/WARN] [net.minecraftforge.common.ForgeConfigSpec/CORE]: Incorrect key building.hat_stand.unrestricted was corrected from null to its default, false. 
[07mar.2025 16:19:01.144] [modloading-worker-0/WARN] [net.minecraftforge.common.ForgeConfigSpec/CORE]: Incorrect key building.awning was corrected from null to its default, SimpleCommentedConfig:{}. 
[07mar.2025 16:19:01.144] [modloading-worker-0/WARN] [net.minecraftforge.common.ForgeConfigSpec/CORE]: Incorrect key building.awning.enabled was corrected from null to its default, true. 
[07mar.2025 16:19:01.144] [modloading-worker-0/WARN] [net.minecraftforge.common.ForgeConfigSpec/CORE]: Incorrect key building.awning.slant was corrected from null to its default, true. 
[07mar.2025 16:19:01.144] [modloading-worker-0/WARN] [net.minecraftforge.common.ForgeConfigSpec/CORE]: Incorrect key building.awning.shift_through was corrected from null to its default, true. 
[07mar.2025 16:19:01.144] [modloading-worker-0/WARN] [net.minecraftforge.common.ForgeConfigSpec/CORE]: Incorrect key misc was corrected from null to its default, SimpleCommentedConfig:{}. 
[07mar.2025 16:19:01.144] [modloading-worker-0/WARN] [net.minecraftforge.common.ForgeConfigSpec/CORE]: Incorrect key misc.torch_item_holding was corrected from null to its default, true. 
[07mar.2025 16:19:01.144] [modloading-worker-0/WARN] [net.minecraftforge.common.ForgeConfigSpec/CORE]: Incorrect key building.awning.angle was corrected from null to its default, 69.44395478041653. 
[07mar.2025 16:19:01.144] [modloading-worker-0/WARN] [net.minecraftforge.common.ForgeConfigSpec/CORE]: Incorrect key misc.torch_item_size was corrected from null to its default, 1.0. 
[07mar.2025 16:19:01.144] [modloading-worker-0/WARN] [net.minecraftforge.common.ForgeConfigSpec/CORE]: Incorrect key building.flower_box was corrected from null to its default, SimpleCommentedConfig:{}. 
[07mar.2025 16:19:01.144] [modloading-worker-0/WARN] [net.minecraftforge.common.ForgeConfigSpec/CORE]: Incorrect key misc.candle_holder_item_holding was corrected from null to its default, true. 
[07mar.2025 16:19:01.144] [modloading-worker-0/WARN] [net.minecraftforge.common.ForgeConfigSpec/CORE]: Incorrect key building.flower_box.enabled was corrected from null to its default, true. 
[07mar.2025 16:19:01.144] [modloading-worker-0/WARN] [net.minecraftforge.common.ForgeConfigSpec/CORE]: Incorrect key building.flower_box.simple_mode was corrected from null to its default, true. 
[07mar.2025 16:19:01.144] [modloading-worker-0/WARN] [net.minecraftforge.common.ForgeConfigSpec/CORE]: Incorrect key misc.handle_holder_item_size was corrected from null to its default, 0.625. 
[07mar.2025 16:19:01.145] [modloading-worker-0/WARN] [net.minecraftforge.common.ForgeConfigSpec/CORE]: Incorrect key building.netherite_doors was corrected from null to its default, SimpleCommentedConfig:{}. 
[07mar.2025 16:19:01.145] [modloading-worker-0/WARN] [net.minecraftforge.common.ForgeConfigSpec/CORE]: Incorrect key misc.fixed_holding_animations was corrected from null to its default, false. 
[07mar.2025 16:19:01.145] [modloading-worker-0/WARN] [net.minecraftforge.common.ForgeConfigSpec/CORE]: Incorrect key misc.sign_text_color_multiplier was corrected from null to its default, 1.2. 
[07mar.2025 16:19:01.145] [modloading-worker-0/WARN] [net.minecraftforge.common.ForgeConfigSpec/CORE]: Incorrect key misc.campfire_smoke_through_blocks was corrected from null to its default, false. 
[07mar.2025 16:19:01.145] [modloading-worker-0/WARN] [net.minecraftforge.common.ForgeConfigSpec/CORE]: Incorrect key building.netherite_doors.door was corrected from null to its default, true. 
[07mar.2025 16:19:01.149] [modloading-worker-0/WARN] [net.minecraftforge.common.ForgeConfigSpec/CORE]: Incorrect key building.netherite_doors.trapdoor was corrected from null to its default, true. 
[07mar.2025 16:19:01.149] [modloading-worker-0/WARN] [net.minecraftforge.common.ForgeConfigSpec/CORE]: Incorrect key building.lapis_bricks was corrected from null to its default, true. 
[07mar.2025 16:19:01.149] [modloading-worker-0/WARN] [net.minecraftforge.common.ForgeConfigSpec/CORE]: Incorrect key building.deepslate_lamp was corrected from null to its default, true. 
[07mar.2025 16:19:01.149] [modloading-worker-0/WARN] [net.minecraftforge.common.ForgeConfigSpec/CORE]: Incorrect key building.end_stone_lamp was corrected from null to its default, true. 
[07mar.2025 16:19:01.150] [modloading-worker-0/WARN] [net.minecraftforge.common.ForgeConfigSpec/CORE]: Incorrect key building.blackstone_lamp was corrected from null to its default, true. 
[07mar.2025 16:19:01.150] [modloading-worker-0/WARN] [net.minecraftforge.common.ForgeConfigSpec/CORE]: Incorrect key building.stone_lamp was corrected from null to its default, true. 
[07mar.2025 16:19:01.150] [modloading-worker-0/WARN] [net.minecraftforge.common.ForgeConfigSpec/CORE]: Incorrect key building.stone_tile was corrected from null to its default, true. 
[07mar.2025 16:19:01.150] [modloading-worker-0/WARN] [net.minecraftforge.common.ForgeConfigSpec/CORE]: Incorrect key building.blackstone_tile was corrected from null to its default, true. 
[07mar.2025 16:19:01.150] [modloading-worker-0/WARN] [net.minecraftforge.common.ForgeConfigSpec/CORE]: Incorrect key building.bunting was corrected from null to its default, true. 
[07mar.2025 16:19:01.150] [modloading-worker-0/WARN] [net.minecraftforge.common.ForgeConfigSpec/CORE]: Incorrect key building.sconce was corrected from null to its default, true. 
[07mar.2025 16:19:01.150] [modloading-worker-0/WARN] [net.minecraftforge.common.ForgeConfigSpec/CORE]: Incorrect key building.sconce_lever was corrected from null to its default, true. 
[07mar.2025 16:19:01.150] [modloading-worker-0/WARN] [net.minecraftforge.common.ForgeConfigSpec/CORE]: Incorrect key building.pancake was corrected from null to its default, true. 
[07mar.2025 16:19:01.150] [modloading-worker-0/WARN] [net.minecraftforge.common.ForgeConfigSpec/CORE]: Incorrect key building.checker_block was corrected from null to its default, true. 
[07mar.2025 16:19:01.150] [modloading-worker-0/WARN] [net.minecraftforge.common.ForgeConfigSpec/CORE]: Incorrect key building.raked_gravel was corrected from null to its default, true. 
[07mar.2025 16:19:01.150] [modloading-worker-0/WARN] [net.minecraftforge.common.ForgeConfigSpec/CORE]: Incorrect key building.feather_block was corrected from null to its default, true. 
[07mar.2025 16:19:01.150] [modloading-worker-0/WARN] [net.minecraftforge.common.ForgeConfigSpec/CORE]: Incorrect key building.statue was corrected from null to its default, true. 
[07mar.2025 16:19:01.150] [modloading-worker-0/WARN] [net.minecraftforge.common.ForgeConfigSpec/CORE]: Incorrect key building.doormat was corrected from null to its default, true. 
[07mar.2025 16:19:01.150] [modloading-worker-0/WARN] [net.minecraftforge.common.ForgeConfigSpec/CORE]: Incorrect key building.flint_block was corrected from null to its default, true. 
[07mar.2025 16:19:01.150] [modloading-worker-0/WARN] [net.minecraftforge.common.ForgeConfigSpec/CORE]: Incorrect key building.fine_wood was corrected from null to its default, true. 
[07mar.2025 16:19:01.150] [modloading-worker-0/WARN] [net.minecraftforge.common.ForgeConfigSpec/CORE]: Incorrect key building.candle_holder was corrected from null to its default, true. 
[07mar.2025 16:19:01.150] [modloading-worker-0/WARN] [net.minecraftforge.common.ForgeConfigSpec/CORE]: Incorrect key building.fire_pit was corrected from null to its default, true. 
[07mar.2025 16:19:01.150] [modloading-worker-0/WARN] [net.minecraftforge.common.ForgeConfigSpec/CORE]: Incorrect key building.wicker_fence was corrected from null to its default, true. 
[07mar.2025 16:19:01.153] [modloading-worker-0/WARN] [net.minecraftforge.common.ForgeConfigSpec/CORE]: Incorrect key tools was corrected from null to its default, SimpleCommentedConfig:{}. 
[07mar.2025 16:19:01.153] [modloading-worker-0/WARN] [net.minecraftforge.common.ForgeConfigSpec/CORE]: Incorrect key tools.quiver was corrected from null to its default, SimpleCommentedConfig:{}. 
[07mar.2025 16:19:01.153] [modloading-worker-0/WARN] [net.minecraftforge.common.ForgeConfigSpec/CORE]: Incorrect key tools.quiver.enabled was corrected from null to its default, true. 
[07mar.2025 16:19:01.153] [modloading-worker-0/WARN] [net.minecraftforge.common.ForgeConfigSpec/CORE]: Incorrect key tools.quiver.use_without_slow was corrected from null to its default, true. 
[07mar.2025 16:19:01.153] [modloading-worker-0/WARN] [net.minecraftforge.common.ForgeConfigSpec/CORE]: Incorrect key tools.quiver.slots was corrected from null to its default, 6. 
[07mar.2025 16:19:01.153] [modloading-worker-0/WARN] [net.minecraftforge.common.ForgeConfigSpec/CORE]: Incorrect key tools.quiver.quiver_skeleton_spawn_chance was corrected from null to its default, 0.03. 
[07mar.2025 16:19:01.154] [modloading-worker-0/WARN] [net.minecraftforge.common.ForgeConfigSpec/CORE]: Incorrect key tools.quiver.only_works_in_curio was corrected from null to its default, false. 
[07mar.2025 16:19:01.154] [modloading-worker-0/WARN] [net.minecraftforge.common.ForgeConfigSpec/CORE]: Incorrect key tools.quiver.quiver_pickup was corrected from null to its default, true. 
[07mar.2025 16:19:01.154] [modloading-worker-0/WARN] [net.minecraftforge.common.ForgeConfigSpec/CORE]: Incorrect key tools.lunch_basket was corrected from null to its default, SimpleCommentedConfig:{}. 
[07mar.2025 16:19:01.154] [modloading-worker-0/WARN] [net.minecraftforge.common.ForgeConfigSpec/CORE]: Incorrect key tools.lunch_basket.enabled was corrected from null to its default, true. 
[07mar.2025 16:19:01.154] [modloading-worker-0/WARN] [net.minecraftforge.common.ForgeConfigSpec/CORE]: Incorrect key tools.lunch_basket.placeable was corrected from null to its default, true. 
[07mar.2025 16:19:01.154] [modloading-worker-0/WARN] [net.minecraftforge.common.ForgeConfigSpec/CORE]: Incorrect key tools.lunch_basket.slots was corrected from null to its default, 6. 
[07mar.2025 16:19:01.154] [modloading-worker-0/WARN] [net.minecraftforge.common.ForgeConfigSpec/CORE]: Incorrect key tools.slice_map was corrected from null to its default, SimpleCommentedConfig:{}. 
[07mar.2025 16:19:01.154] [modloading-worker-0/WARN] [net.minecraftforge.common.ForgeConfigSpec/CORE]: Incorrect key tools.slice_map.enabled was corrected from null to its default, true. 
[07mar.2025 16:19:01.154] [modloading-worker-0/WARN] [net.minecraftforge.common.ForgeConfigSpec/CORE]: Incorrect key tools.slice_map.range_multiplier was corrected from null to its default, 0.25. 
[07mar.2025 16:19:01.154] [modloading-worker-0/WARN] [net.minecraftforge.common.ForgeConfigSpec/CORE]: Incorrect key tools.bubble_blower was corrected from null to its default, SimpleCommentedConfig:{}. 
[07mar.2025 16:19:01.154] [modloading-worker-0/WARN] [net.minecraftforge.common.ForgeConfigSpec/CORE]: Incorrect key tools.bubble_blower.enabled was corrected from null to its default, true. 
[07mar.2025 16:19:01.154] [modloading-worker-0/WARN] [net.minecraftforge.common.ForgeConfigSpec/CORE]: Incorrect key tools.bubble_blower.stasis_cost was corrected from null to its default, 5. 
[07mar.2025 16:19:01.155] [modloading-worker-0/WARN] [net.minecraftforge.common.ForgeConfigSpec/CORE]: Incorrect key tools.bubble_blower.bubble_block was corrected from null to its default, SimpleCommentedConfig:{}. 
[07mar.2025 16:19:01.155] [modloading-worker-0/WARN] [net.minecraftforge.common.ForgeConfigSpec/CORE]: Incorrect key tools.bubble_blower.bubble_block.lifetime was corrected from null to its default, 1200. 
[07mar.2025 16:19:01.155] [modloading-worker-0/WARN] [net.minecraftforge.common.ForgeConfigSpec/CORE]: Incorrect key tools.bubble_blower.bubble_block.break_when_touched was corrected from null to its default, true. 
[07mar.2025 16:19:01.155] [modloading-worker-0/WARN] [net.minecraftforge.common.ForgeConfigSpec/CORE]: Incorrect key tools.bubble_blower.bubble_block.feather_falling_prevents_breaking was corrected from null to its default, true. 
[07mar.2025 16:19:01.155] [modloading-worker-0/WARN] [net.minecraftforge.common.ForgeConfigSpec/CORE]: Incorrect key tools.wrench was corrected from null to its default, SimpleCommentedConfig:{}. 
[07mar.2025 16:19:01.155] [modloading-worker-0/WARN] [net.minecraftforge.common.ForgeConfigSpec/CORE]: Incorrect key tools.wrench.enabled was corrected from null to its default, true. 
[07mar.2025 16:19:01.155] [modloading-worker-0/WARN] [net.minecraftforge.common.ForgeConfigSpec/CORE]: Incorrect key tools.wrench.bypass_when_on was corrected from null to its default, MAIN_HAND. 
[07mar.2025 16:19:01.155] [modloading-worker-0/WARN] [net.minecraftforge.common.ForgeConfigSpec/CORE]: Incorrect key tools.rope_arrow was corrected from null to its default, SimpleCommentedConfig:{}. 
[07mar.2025 16:19:01.155] [modloading-worker-0/WARN] [net.minecraftforge.common.ForgeConfigSpec/CORE]: Incorrect key tools.rope_arrow.enabled was corrected from null to its default, true. 
[07mar.2025 16:19:01.155] [modloading-worker-0/WARN] [net.minecraftforge.common.ForgeConfigSpec/CORE]: Incorrect key tools.rope_arrow.capacity was corrected from null to its default, 32. 
[07mar.2025 16:19:01.155] [modloading-worker-0/WARN] [net.minecraftforge.common.ForgeConfigSpec/CORE]: Incorrect key tools.rope_arrow.exclusive_to_crossbows was corrected from null to its default, false. 
[07mar.2025 16:19:01.155] [modloading-worker-0/WARN] [net.minecraftforge.common.ForgeConfigSpec/CORE]: Incorrect key tools.flute was corrected from null to its default, SimpleCommentedConfig:{}. 
[07mar.2025 16:19:01.155] [modloading-worker-0/WARN] [net.minecraftforge.common.ForgeConfigSpec/CORE]: Incorrect key tools.flute.enabled was corrected from null to its default, true. 
[07mar.2025 16:19:01.156] [modloading-worker-0/WARN] [net.minecraftforge.common.ForgeConfigSpec/CORE]: Incorrect key tools.flute.unbound_radius was corrected from null to its default, 64. 
[07mar.2025 16:19:01.156] [modloading-worker-0/WARN] [net.minecraftforge.common.ForgeConfigSpec/CORE]: Incorrect key tools.flute.bound_distance was corrected from null to its default, 64. 
[07mar.2025 16:19:01.156] [modloading-worker-0/WARN] [net.minecraftforge.common.ForgeConfigSpec/CORE]: Incorrect key tools.bomb was corrected from null to its default, SimpleCommentedConfig:{}. 
[07mar.2025 16:19:01.156] [modloading-worker-0/WARN] [net.minecraftforge.common.ForgeConfigSpec/CORE]: Incorrect key tools.bomb.enabled was corrected from null to its default, true. 
[07mar.2025 16:19:01.156] [modloading-worker-0/WARN] [net.minecraftforge.common.ForgeConfigSpec/CORE]: Incorrect key tools.bomb.explosion_radius was corrected from null to its default, 2.0. 
[07mar.2025 16:19:01.156] [modloading-worker-0/WARN] [net.minecraftforge.common.ForgeConfigSpec/CORE]: Incorrect key tools.bomb.break_blocks was corrected from null to its default, WEAK. 
[07mar.2025 16:19:01.156] [modloading-worker-0/WARN] [net.minecraftforge.common.ForgeConfigSpec/CORE]: Incorrect key tools.bomb.bomb_fuse was corrected from null to its default, 0. 
[07mar.2025 16:19:01.156] [modloading-worker-0/WARN] [net.minecraftforge.common.ForgeConfigSpec/CORE]: Incorrect key tools.bomb.cooldown was corrected from null to its default, true. 
[07mar.2025 16:19:01.156] [modloading-worker-0/WARN] [net.minecraftforge.common.ForgeConfigSpec/CORE]: Incorrect key tools.bomb.blue_bomb was corrected from null to its default, SimpleCommentedConfig:{}. 
[07mar.2025 16:19:01.156] [modloading-worker-0/WARN] [net.minecraftforge.common.ForgeConfigSpec/CORE]: Incorrect key tools.bomb.blue_bomb.explosion_radius was corrected from null to its default, 5.15. 
[07mar.2025 16:19:01.156] [modloading-worker-0/WARN] [net.minecraftforge.common.ForgeConfigSpec/CORE]: Incorrect key tools.bomb.blue_bomb.break_blocks was corrected from null to its default, WEAK. 
[07mar.2025 16:19:01.156] [modloading-worker-0/WARN] [net.minecraftforge.common.ForgeConfigSpec/CORE]: Incorrect key tools.slingshot was corrected from null to its default, SimpleCommentedConfig:{}. 
[07mar.2025 16:19:01.156] [modloading-worker-0/WARN] [net.minecraftforge.common.ForgeConfigSpec/CORE]: Incorrect key tools.slingshot.enabled was corrected from null to its default, true. 
[07mar.2025 16:19:01.157] [modloading-worker-0/WARN] [net.minecraftforge.common.ForgeConfigSpec/CORE]: Incorrect key tools.slingshot.range_multiplier was corrected from null to its default, 1.0. 
[07mar.2025 16:19:01.157] [modloading-worker-0/WARN] [net.minecraftforge.common.ForgeConfigSpec/CORE]: Incorrect key tools.slingshot.charge_time was corrected from null to its default, 20. 
[07mar.2025 16:19:01.157] [modloading-worker-0/WARN] [net.minecraftforge.common.ForgeConfigSpec/CORE]: Incorrect key tools.slingshot.stasis_deceleration was corrected from null to its default, 0.9625. 
[07mar.2025 16:19:01.157] [modloading-worker-0/WARN] [net.minecraftforge.common.ForgeConfigSpec/CORE]: Incorrect key tools.slingshot.unrestricted_enderman_intercept was corrected from null to its default, true. 
[07mar.2025 16:19:01.157] [modloading-worker-0/WARN] [net.minecraftforge.common.ForgeConfigSpec/CORE]: Incorrect key tools.slingshot.allow_buckets was corrected from null to its default, true. 
[07mar.2025 16:19:01.157] [modloading-worker-0/WARN] [net.minecraftforge.common.ForgeConfigSpec/CORE]: Incorrect key tools.slingshot.damageable_damage was corrected from null to its default, 0.5. 
[07mar.2025 16:19:01.157] [modloading-worker-0/WARN] [net.minecraftforge.common.ForgeConfigSpec/CORE]: Incorrect key tools.slingshot.allow_splash_potions was corrected from null to its default, false. 
[07mar.2025 16:19:01.157] [modloading-worker-0/WARN] [net.minecraftforge.common.ForgeConfigSpec/CORE]: Incorrect key tools.slingshot.allow_bombs was corrected from null to its default, false. 
[07mar.2025 16:19:01.157] [modloading-worker-0/WARN] [net.minecraftforge.common.ForgeConfigSpec/CORE]: Incorrect key tools.slingshot.allow_fire_charges was corrected from null to its default, false. 
[07mar.2025 16:19:01.157] [modloading-worker-0/WARN] [net.minecraftforge.common.ForgeConfigSpec/CORE]: Incorrect key tools.slingshot.allow_snowballs was corrected from null to its default, false. 
[07mar.2025 16:19:01.158] [modloading-worker-0/WARN] [net.minecraftforge.common.ForgeConfigSpec/CORE]: Incorrect key tools.slingshot.allow_enderpearls was corrected from null to its default, false. 
[07mar.2025 16:19:01.158] [modloading-worker-0/WARN] [net.minecraftforge.common.ForgeConfigSpec/CORE]: Incorrect key tools.antique_ink was corrected from null to its default, SimpleCommentedConfig:{}. 
[07mar.2025 16:19:01.158] [modloading-worker-0/WARN] [net.minecraftforge.common.ForgeConfigSpec/CORE]: Incorrect key tools.antique_ink.enabled was corrected from null to its default, true. 
[07mar.2025 16:19:01.158] [modloading-worker-0/WARN] [net.minecraftforge.common.ForgeConfigSpec/CORE]: Incorrect key tools.candy was corrected from null to its default, true. 
[07mar.2025 16:19:01.158] [modloading-worker-0/WARN] [net.minecraftforge.common.ForgeConfigSpec/CORE]: Incorrect key tools.stasis was corrected from null to its default, true. 
[07mar.2025 16:19:01.158] [modloading-worker-0/WARN] [net.minecraftforge.common.ForgeConfigSpec/CORE]: Incorrect key tools.altimeter was corrected from null to its default, true. 
[07mar.2025 16:19:01.158] [modloading-worker-0/WARN] [net.minecraftforge.common.ForgeConfigSpec/CORE]: Incorrect key tools.confetti_popper was corrected from null to its default, true. 
[07mar.2025 16:19:01.162] [modloading-worker-0/WARN] [net.minecraftforge.common.ForgeConfigSpec/CORE]: Incorrect key general was corrected from null to its default, SimpleCommentedConfig:{}. 
[07mar.2025 16:19:01.162] [modloading-worker-0/WARN] [net.minecraftforge.common.ForgeConfigSpec/CORE]: Incorrect key general.creative_tab was corrected from null to its default, false. 
[07mar.2025 16:19:01.162] [modloading-worker-0/WARN] [net.minecraftforge.common.ForgeConfigSpec/CORE]: Incorrect key general.dispensers was corrected from null to its default, true. 
[07mar.2025 16:19:01.162] [modloading-worker-0/WARN] [net.minecraftforge.common.ForgeConfigSpec/CORE]: Incorrect key general.jar_tab was corrected from null to its default, false. 
[07mar.2025 16:19:01.162] [modloading-worker-0/WARN] [net.minecraftforge.common.ForgeConfigSpec/CORE]: Incorrect key general.debug_save_dynamic_pack was corrected from null to its default, false. 
[07mar.2025 16:19:01.162] [modloading-worker-0/WARN] [net.minecraftforge.common.ForgeConfigSpec/CORE]: Incorrect key general.server_protection was corrected from null to its default, false. 
[07mar.2025 16:19:01.163] [modloading-worker-0/WARN] [net.minecraftforge.common.ForgeConfigSpec/CORE]: Incorrect key general.sanity_checks_messages was corrected from null to its default, true. 
[07mar.2025 16:19:01.163] [modloading-worker-0/WARN] [net.minecraftforge.common.ForgeConfigSpec/CORE]: Incorrect key general.red_merchant_spawn_multiplier was corrected from null to its default, 1.0. 
[07mar.2025 16:19:01.168] [modloading-worker-0/WARN] [net.minecraftforge.common.ForgeConfigSpec/CORE]: Incorrect key tweaks was corrected from null to its default, SimpleCommentedConfig:{}. 
[07mar.2025 16:19:01.168] [modloading-worker-0/WARN] [net.minecraftforge.common.ForgeConfigSpec/CORE]: Incorrect key tweaks.dragon_banner_pattern was corrected from null to its default, SimpleCommentedConfig:{}. 
[07mar.2025 16:19:01.168] [modloading-worker-0/WARN] [net.minecraftforge.common.ForgeConfigSpec/CORE]: Incorrect key tweaks.dragon_banner_pattern.enabled was corrected from null to its default, true. 
[07mar.2025 16:19:01.169] [modloading-worker-0/WARN] [net.minecraftforge.common.ForgeConfigSpec/CORE]: Incorrect key tweaks.shulker_helmet was corrected from null to its default, SimpleCommentedConfig:{}. 
[07mar.2025 16:19:01.169] [modloading-worker-0/WARN] [net.minecraftforge.common.ForgeConfigSpec/CORE]: Incorrect key tweaks.shulker_helmet.enabled was corrected from null to its default, true. 
[07mar.2025 16:19:01.169] [modloading-worker-0/WARN] [net.minecraftforge.common.ForgeConfigSpec/CORE]: Incorrect key tweaks.golden_apple_disenchant was corrected from null to its default, SimpleCommentedConfig:{}. 
[07mar.2025 16:19:01.169] [modloading-worker-0/WARN] [net.minecraftforge.common.ForgeConfigSpec/CORE]: Incorrect key tweaks.golden_apple_disenchant.enabled was corrected from null to its default, true. 
[07mar.2025 16:19:01.169] [modloading-worker-0/WARN] [net.minecraftforge.common.ForgeConfigSpec/CORE]: Incorrect key tweaks.traders_open_doors was corrected from null to its default, SimpleCommentedConfig:{}. 
[07mar.2025 16:19:01.169] [modloading-worker-0/WARN] [net.minecraftforge.common.ForgeConfigSpec/CORE]: Incorrect key tweaks.traders_open_doors.enabled was corrected from null to its default, true. 
[07mar.2025 16:19:01.169] [modloading-worker-0/WARN] [net.minecraftforge.common.ForgeConfigSpec/CORE]: Incorrect key tweaks.dispenser_tweaks was corrected from null to its default, SimpleCommentedConfig:{}. 
[07mar.2025 16:19:01.169] [modloading-worker-0/WARN] [net.minecraftforge.common.ForgeConfigSpec/CORE]: Incorrect key tweaks.dispenser_tweaks.axe_strip was corrected from null to its default, true. 
[07mar.2025 16:19:01.169] [modloading-worker-0/WARN] [net.minecraftforge.common.ForgeConfigSpec/CORE]: Incorrect key tweaks.dispenser_tweaks.shoot_ender_pearls was corrected from null to its default, true. 
[07mar.2025 16:19:01.169] [modloading-worker-0/WARN] [net.minecraftforge.common.ForgeConfigSpec/CORE]: Incorrect key tweaks.dispenser_tweaks.extract_from_bundles was corrected from null to its default, true. 
[07mar.2025 16:19:01.169] [modloading-worker-0/WARN] [net.minecraftforge.common.ForgeConfigSpec/CORE]: Incorrect key tweaks.throwable_bricks was corrected from null to its default, SimpleCommentedConfig:{}. 
[07mar.2025 16:19:01.169] [modloading-worker-0/WARN] [net.minecraftforge.common.ForgeConfigSpec/CORE]: Incorrect key tweaks.throwable_bricks.enabled was corrected from null to its default, true. 
[07mar.2025 16:19:01.169] [modloading-worker-0/WARN] [net.minecraftforge.common.ForgeConfigSpec/CORE]: Incorrect key tweaks.placeable_sticks was corrected from null to its default, SimpleCommentedConfig:{}. 
[07mar.2025 16:19:01.169] [modloading-worker-0/WARN] [net.minecraftforge.common.ForgeConfigSpec/CORE]: Incorrect key tweaks.placeable_sticks.sticks was corrected from null to its default, true. 
[07mar.2025 16:19:01.170] [modloading-worker-0/WARN] [net.minecraftforge.common.ForgeConfigSpec/CORE]: Incorrect key tweaks.placeable_sticks.blaze_rods was corrected from null to its default, true. 
[07mar.2025 16:19:01.170] [modloading-worker-0/WARN] [net.minecraftforge.common.ForgeConfigSpec/CORE]: Incorrect key tweaks.placeable_gunpowder was corrected from null to its default, SimpleCommentedConfig:{}. 
[07mar.2025 16:19:01.170] [modloading-worker-0/WARN] [net.minecraftforge.common.ForgeConfigSpec/CORE]: Incorrect key tweaks.placeable_gunpowder.enabled was corrected from null to its default, true. 
[07mar.2025 16:19:01.170] [modloading-worker-0/WARN] [net.minecraftforge.common.ForgeConfigSpec/CORE]: Incorrect key tweaks.placeable_gunpowder.speed was corrected from null to its default, 2. 
[07mar.2025 16:19:01.170] [modloading-worker-0/WARN] [net.minecraftforge.common.ForgeConfigSpec/CORE]: Incorrect key tweaks.placeable_gunpowder.spread_age was corrected from null to its default, 2. 
[07mar.2025 16:19:01.170] [modloading-worker-0/WARN] [net.minecraftforge.common.ForgeConfigSpec/CORE]: Incorrect key tweaks.raked_gravel was corrected from null to its default, SimpleCommentedConfig:{}. 
[07mar.2025 16:19:01.170] [modloading-worker-0/WARN] [net.minecraftforge.common.ForgeConfigSpec/CORE]: Incorrect key tweaks.raked_gravel.enabled was corrected from null to its default, true. 
[07mar.2025 16:19:01.170] [modloading-worker-0/WARN] [net.minecraftforge.common.ForgeConfigSpec/CORE]: Incorrect key tweaks.bottle_xp was corrected from null to its default, SimpleCommentedConfig:{}. 
[07mar.2025 16:19:01.170] [modloading-worker-0/WARN] [net.minecraftforge.common.ForgeConfigSpec/CORE]: Incorrect key tweaks.bottle_xp.enabled was corrected from null to its default, false. 
[07mar.2025 16:19:01.170] [modloading-worker-0/WARN] [net.minecraftforge.common.ForgeConfigSpec/CORE]: Incorrect key tweaks.bottle_xp.cost was corrected from null to its default, 2. 
[07mar.2025 16:19:01.170] [modloading-worker-0/WARN] [net.minecraftforge.common.ForgeConfigSpec/CORE]: Incorrect key tweaks.bottle_xp.target_block was corrected from null to its default, . 
[07mar.2025 16:19:01.170] [modloading-worker-0/WARN] [net.minecraftforge.common.ForgeConfigSpec/CORE]: Incorrect key tweaks.map_tweaks was corrected from null to its default, SimpleCommentedConfig:{}. 
[07mar.2025 16:19:01.171] [modloading-worker-0/WARN] [net.minecraftforge.common.ForgeConfigSpec/CORE]: Incorrect key tweaks.map_tweaks.random_adventurer_maps was corrected from null to its default, true. 
[07mar.2025 16:19:01.171] [modloading-worker-0/WARN] [net.minecraftforge.common.ForgeConfigSpec/CORE]: Incorrect key tweaks.map_tweaks.random_adventurer_maps_select_random_structure was corrected from null to its default, true. 
[07mar.2025 16:19:01.171] [modloading-worker-0/WARN] [net.minecraftforge.common.ForgeConfigSpec/CORE]: Incorrect key tweaks.map_tweaks.block_map_markers was corrected from null to its default, true. 
[07mar.2025 16:19:01.171] [modloading-worker-0/WARN] [net.minecraftforge.common.ForgeConfigSpec/CORE]: Incorrect key tweaks.map_tweaks.death_marker was corrected from null to its default, WITH_COMPASS. 
[07mar.2025 16:19:01.171] [modloading-worker-0/WARN] [net.minecraftforge.common.ForgeConfigSpec/CORE]: Incorrect key tweaks.map_tweaks.quill_adventurer_maps was corrected from null to its default, true. 
[07mar.2025 16:19:01.171] [modloading-worker-0/WARN] [net.minecraftforge.common.ForgeConfigSpec/CORE]: Incorrect key tweaks.map_tweaks.quill_vanilla_maps was corrected from null to its default, true. 
[07mar.2025 16:19:01.171] [modloading-worker-0/WARN] [net.minecraftforge.common.ForgeConfigSpec/CORE]: Incorrect key tweaks.map_tweaks.min_search_radius was corrected from null to its default, 75. 
[07mar.2025 16:19:01.171] [modloading-worker-0/WARN] [net.minecraftforge.common.ForgeConfigSpec/CORE]: Incorrect key tweaks.map_tweaks.tinted_blocks_on_maps was corrected from null to its default, true. 
[07mar.2025 16:19:01.171] [modloading-worker-0/WARN] [net.minecraftforge.common.ForgeConfigSpec/CORE]: Incorrect key tweaks.placeable_books was corrected from null to its default, SimpleCommentedConfig:{}. 
[07mar.2025 16:19:01.171] [modloading-worker-0/WARN] [net.minecraftforge.common.ForgeConfigSpec/CORE]: Incorrect key tweaks.placeable_books.written_books was corrected from null to its default, true. 
[07mar.2025 16:19:01.171] [modloading-worker-0/WARN] [net.minecraftforge.common.ForgeConfigSpec/CORE]: Incorrect key tweaks.placeable_books.enabled was corrected from null to its default, true. 
[07mar.2025 16:19:01.171] [modloading-worker-0/WARN] [net.minecraftforge.common.ForgeConfigSpec/CORE]: Incorrect key tweaks.placeable_books.book_power was corrected from null to its default, 1.0. 
[07mar.2025 16:19:01.172] [modloading-worker-0/WARN] [net.minecraftforge.common.ForgeConfigSpec/CORE]: Incorrect key tweaks.placeable_books.enchanted_book_power was corrected from null to its default, 1.334. 
[07mar.2025 16:19:01.172] [modloading-worker-0/WARN] [net.minecraftforge.common.ForgeConfigSpec/CORE]: Incorrect key tweaks.placeable_books.mixed_books was corrected from null to its default, false. 
[07mar.2025 16:19:01.172] [modloading-worker-0/WARN] [net.minecraftforge.common.ForgeConfigSpec/CORE]: Incorrect key tweaks.zombie_horse was corrected from null to its default, SimpleCommentedConfig:{}. 
[07mar.2025 16:19:01.172] [modloading-worker-0/WARN] [net.minecraftforge.common.ForgeConfigSpec/CORE]: Incorrect key tweaks.zombie_horse.zombie_horse_conversion was corrected from null to its default, true. 
[07mar.2025 16:19:01.172] [modloading-worker-0/WARN] [net.minecraftforge.common.ForgeConfigSpec/CORE]: Incorrect key tweaks.zombie_horse.rotten_flesh was corrected from null to its default, 64. 
[07mar.2025 16:19:01.172] [modloading-worker-0/WARN] [net.minecraftforge.common.ForgeConfigSpec/CORE]: Incorrect key tweaks.zombie_horse.rideable_underwater was corrected from null to its default, true. 
[07mar.2025 16:19:01.172] [modloading-worker-0/WARN] [net.minecraftforge.common.ForgeConfigSpec/CORE]: Incorrect key tweaks.zombie_horse.zombie_horse_inverse_conversion was corrected from null to its default, true. 
[07mar.2025 16:19:01.172] [modloading-worker-0/WARN] [net.minecraftforge.common.ForgeConfigSpec/CORE]: Incorrect key tweaks.noteblocks_scare was corrected from null to its default, SimpleCommentedConfig:{}. 
[07mar.2025 16:19:01.172] [modloading-worker-0/WARN] [net.minecraftforge.common.ForgeConfigSpec/CORE]: Incorrect key tweaks.noteblocks_scare.enabled was corrected from null to its default, true. 
[07mar.2025 16:19:01.173] [modloading-worker-0/WARN] [net.minecraftforge.common.ForgeConfigSpec/CORE]: Incorrect key tweaks.bad_luck_tweaks was corrected from null to its default, SimpleCommentedConfig:{}. 
[07mar.2025 16:19:01.173] [modloading-worker-0/WARN] [net.minecraftforge.common.ForgeConfigSpec/CORE]: Incorrect key tweaks.bad_luck_tweaks.cat_unluck was corrected from null to its default, true. 
[07mar.2025 16:19:01.173] [modloading-worker-0/WARN] [net.minecraftforge.common.ForgeConfigSpec/CORE]: Incorrect key tweaks.bad_luck_tweaks.lightning_unluck was corrected from null to its default, true. 
[07mar.2025 16:19:01.173] [modloading-worker-0/WARN] [net.minecraftforge.common.ForgeConfigSpec/CORE]: Incorrect key tweaks.item_lore was corrected from null to its default, SimpleCommentedConfig:{}. 
[07mar.2025 16:19:01.173] [modloading-worker-0/WARN] [net.minecraftforge.common.ForgeConfigSpec/CORE]: Incorrect key tweaks.item_lore.enabled was corrected from null to its default, true. 
[07mar.2025 16:19:01.173] [modloading-worker-0/WARN] [net.minecraftforge.common.ForgeConfigSpec/CORE]: Incorrect key tweaks.sus_recipes was corrected from null to its default, SimpleCommentedConfig:{}. 
[07mar.2025 16:19:01.173] [modloading-worker-0/WARN] [net.minecraftforge.common.ForgeConfigSpec/CORE]: Incorrect key tweaks.sus_recipes.enabled was corrected from null to its default, true. 
[07mar.2025 16:19:01.173] [modloading-worker-0/WARN] [net.minecraftforge.common.ForgeConfigSpec/CORE]: Incorrect key tweaks.slimed_effect was corrected from null to its default, SimpleCommentedConfig:{}. 
[07mar.2025 16:19:01.173] [modloading-worker-0/WARN] [net.minecraftforge.common.ForgeConfigSpec/CORE]: Incorrect key tweaks.slimed_effect.enabled was corrected from null to its default, true. 
[07mar.2025 16:19:01.173] [modloading-worker-0/WARN] [net.minecraftforge.common.ForgeConfigSpec/CORE]: Incorrect key tweaks.slimed_effect.throwable_slimeballs was corrected from null to its default, true. 
[07mar.2025 16:19:01.173] [modloading-worker-0/WARN] [net.minecraftforge.common.ForgeConfigSpec/CORE]: Incorrect key tweaks.slimed_effect.overlay was corrected from null to its default, true. 
[07mar.2025 16:19:01.173] [modloading-worker-0/WARN] [net.minecraftforge.common.ForgeConfigSpec/CORE]: Incorrect key tweaks.slimed_effect.hinders_jump was corrected from null to its default, NORMAL_DIFFICULTY. 
[07mar.2025 16:19:01.173] [modloading-worker-0/WARN] [net.minecraftforge.common.ForgeConfigSpec/CORE]: Incorrect key tweaks.slimed_effect.duration was corrected from null to its default, 300. 
[07mar.2025 16:19:01.174] [modloading-worker-0/WARN] [net.minecraftforge.common.ForgeConfigSpec/CORE]: Incorrect key tweaks.slimed_effect.chance_per_slime_size was corrected from null to its default, 0.15. 
[07mar.2025 16:19:01.348] [modloading-worker-0/WARN] [net.minecraftforge.common.ForgeConfigSpec/CORE]: Configuration file C:\Users\marth\OneDrive\햞ea de Trabalho\Minecraft Modding\Projects\SulidaeUtils\run-data\config\moonlight-client.toml is not correct. Correcting
[07mar.2025 16:19:01.349] [modloading-worker-0/WARN] [net.minecraftforge.common.ForgeConfigSpec/CORE]: Incorrect key general was corrected from null to its default, SimpleCommentedConfig:{}. 
[07mar.2025 16:19:01.349] [modloading-worker-0/WARN] [net.minecraftforge.common.ForgeConfigSpec/CORE]: Incorrect key general.merge_dynamic_packs was corrected from null to its default, true. 
[07mar.2025 16:19:01.349] [modloading-worker-0/WARN] [net.minecraftforge.common.ForgeConfigSpec/CORE]: Incorrect key general.lazy_map_upload was corrected from null to its default, true. 
[07mar.2025 16:19:01.349] [modloading-worker-0/WARN] [net.minecraftforge.common.ForgeConfigSpec/CORE]: Incorrect key general.maps_mipmap was corrected from null to its default, 3. 
[07mar.2025 16:19:01.350] [modloading-worker-0/WARN] [net.minecraftforge.common.ForgeConfigSpec/CORE]: Incorrect key general.consistent_entity_renderer_shading was corrected from null to its default, NO_GUI. 
[07mar.2025 16:19:01.562] [modloading-worker-0/WARN] [net.minecraftforge.common.ForgeConfigSpec/CORE]: Configuration file C:\Users\marth\OneDrive\햞ea de Trabalho\Minecraft Modding\Projects\SulidaeUtils\run-data\config\supplementaries-client.toml is not correct. Correcting
[07mar.2025 16:19:01.563] [modloading-worker-0/WARN] [net.minecraftforge.common.ForgeConfigSpec/CORE]: Incorrect key blocks was corrected from null to its default, SimpleCommentedConfig:{}. 
[07mar.2025 16:19:01.563] [modloading-worker-0/WARN] [net.minecraftforge.common.ForgeConfigSpec/CORE]: Incorrect key blocks.globe was corrected from null to its default, SimpleCommentedConfig:{}. 
[07mar.2025 16:19:01.563] [modloading-worker-0/WARN] [net.minecraftforge.common.ForgeConfigSpec/CORE]: Incorrect key blocks.globe.random_world was corrected from null to its default, true. 
[07mar.2025 16:19:01.563] [modloading-worker-0/WARN] [net.minecraftforge.common.ForgeConfigSpec/CORE]: Incorrect key blocks.globe.show_coordinates was corrected from null to its default, true. 
[07mar.2025 16:19:01.563] [modloading-worker-0/WARN] [net.minecraftforge.common.ForgeConfigSpec/CORE]: Incorrect key blocks.notice_board was corrected from null to its default, SimpleCommentedConfig:{}. 
[07mar.2025 16:19:01.563] [modloading-worker-0/WARN] [net.minecraftforge.common.ForgeConfigSpec/CORE]: Incorrect key blocks.notice_board.centered_text was corrected from null to its default, true. 
[07mar.2025 16:19:01.563] [modloading-worker-0/WARN] [net.minecraftforge.common.ForgeConfigSpec/CORE]: Incorrect key blocks.bunting was corrected from null to its default, SimpleCommentedConfig:{}. 
[07mar.2025 16:19:01.563] [modloading-worker-0/WARN] [net.minecraftforge.common.ForgeConfigSpec/CORE]: Incorrect key blocks.bunting.fast_buntings was corrected from null to its default, false. 
[07mar.2025 16:19:01.563] [modloading-worker-0/WARN] [net.minecraftforge.common.ForgeConfigSpec/CORE]: Incorrect key blocks.clock_block was corrected from null to its default, SimpleCommentedConfig:{}. 
[07mar.2025 16:19:01.564] [modloading-worker-0/WARN] [net.minecraftforge.common.ForgeConfigSpec/CORE]: Incorrect key blocks.clock_block.24h_format was corrected from null to its default, true. 
[07mar.2025 16:19:01.564] [modloading-worker-0/WARN] [net.minecraftforge.common.ForgeConfigSpec/CORE]: Incorrect key blocks.pedestal was corrected from null to its default, SimpleCommentedConfig:{}. 
[07mar.2025 16:19:01.564] [modloading-worker-0/WARN] [net.minecraftforge.common.ForgeConfigSpec/CORE]: Incorrect key blocks.pedestal.spin was corrected from null to its default, true. 
[07mar.2025 16:19:01.564] [modloading-worker-0/WARN] [net.minecraftforge.common.ForgeConfigSpec/CORE]: Incorrect key blocks.pedestal.speed was corrected from null to its default, 2.0. 
[07mar.2025 16:19:01.564] [modloading-worker-0/WARN] [net.minecraftforge.common.ForgeConfigSpec/CORE]: Incorrect key blocks.pedestal.fancy_renderers was corrected from null to its default, true. 
[07mar.2025 16:19:01.564] [modloading-worker-0/WARN] [net.minecraftforge.common.ForgeConfigSpec/CORE]: Incorrect key blocks.bubble_block was corrected from null to its default, SimpleCommentedConfig:{}. 
[07mar.2025 16:19:01.564] [modloading-worker-0/WARN] [net.minecraftforge.common.ForgeConfigSpec/CORE]: Incorrect key blocks.bubble_block.wobble was corrected from null to its default, 0.2. 
[07mar.2025 16:19:01.564] [modloading-worker-0/WARN] [net.minecraftforge.common.ForgeConfigSpec/CORE]: Incorrect key blocks.bubble_block.grow_speed was corrected from null to its default, 0.4. 
[07mar.2025 16:19:01.564] [modloading-worker-0/WARN] [net.minecraftforge.common.ForgeConfigSpec/CORE]: Incorrect key blocks.item_shelf was corrected from null to its default, SimpleCommentedConfig:{}. 
[07mar.2025 16:19:01.564] [modloading-worker-0/WARN] [net.minecraftforge.common.ForgeConfigSpec/CORE]: Incorrect key blocks.item_shelf.supported_blocks was corrected from null to its default, true. 
[07mar.2025 16:19:01.564] [modloading-worker-0/WARN] [net.minecraftforge.common.ForgeConfigSpec/CORE]: Incorrect key blocks.wind_vane was corrected from null to its default, SimpleCommentedConfig:{}. 
[07mar.2025 16:19:01.564] [modloading-worker-0/WARN] [net.minecraftforge.common.ForgeConfigSpec/CORE]: Incorrect key blocks.wind_vane.power_scaling was corrected from null to its default, 3.0. 
[07mar.2025 16:19:01.565] [modloading-worker-0/WARN] [net.minecraftforge.common.ForgeConfigSpec/CORE]: Incorrect key blocks.wind_vane.max_angle_1 was corrected from null to its default, 30.0. 
[07mar.2025 16:19:01.565] [modloading-worker-0/WARN] [net.minecraftforge.common.ForgeConfigSpec/CORE]: Incorrect key blocks.wind_vane.max_angle_2 was corrected from null to its default, 10.0. 
[07mar.2025 16:19:01.565] [modloading-worker-0/WARN] [net.minecraftforge.common.ForgeConfigSpec/CORE]: Incorrect key blocks.wind_vane.period_1 was corrected from null to its default, 450.0. 
[07mar.2025 16:19:01.565] [modloading-worker-0/WARN] [net.minecraftforge.common.ForgeConfigSpec/CORE]: Incorrect key blocks.wind_vane.period_2 was corrected from null to its default, 150.0. 
[07mar.2025 16:19:01.565] [modloading-worker-0/WARN] [net.minecraftforge.common.ForgeConfigSpec/CORE]: Incorrect key blocks.flag was corrected from null to its default, SimpleCommentedConfig:{}. 
[07mar.2025 16:19:01.565] [modloading-worker-0/WARN] [net.minecraftforge.common.ForgeConfigSpec/CORE]: Incorrect key blocks.flag.slowness was corrected from null to its default, 100. 
[07mar.2025 16:19:01.565] [modloading-worker-0/WARN] [net.minecraftforge.common.ForgeConfigSpec/CORE]: Incorrect key blocks.flag.wavyness was corrected from null to its default, 4.0. 
[07mar.2025 16:19:01.565] [modloading-worker-0/WARN] [net.minecraftforge.common.ForgeConfigSpec/CORE]: Incorrect key blocks.flag.intensity was corrected from null to its default, 1.0. 
[07mar.2025 16:19:01.565] [modloading-worker-0/WARN] [net.minecraftforge.common.ForgeConfigSpec/CORE]: Incorrect key blocks.flag.intensity_increment was corrected from null to its default, 0.3. 
[07mar.2025 16:19:01.566] [modloading-worker-0/WARN] [net.minecraftforge.common.ForgeConfigSpec/CORE]: Incorrect key blocks.flag.fanciness was corrected from null to its default, FABULOUS. 
[07mar.2025 16:19:01.566] [modloading-worker-0/WARN] [net.minecraftforge.common.ForgeConfigSpec/CORE]: Incorrect key blocks.flag.render_as_banner was corrected from null to its default, false. 
[07mar.2025 16:19:01.566] [modloading-worker-0/WARN] [net.minecraftforge.common.ForgeConfigSpec/CORE]: Incorrect key blocks.captured_mobs was corrected from null to its default, SimpleCommentedConfig:{}. 
[07mar.2025 16:19:01.567] [modloading-worker-0/WARN] [net.minecraftforge.common.ForgeConfigSpec/CORE]: Incorrect key blocks.captured_mobs.tickable_inside_jars was corrected from null to its default, [iceandfire:pixie, druidcraft:dreadfish, druidcraft:lunar_moth, alexsmobs:hummingbird]. 
[07mar.2025 16:19:01.567] [modloading-worker-0/WARN] [net.minecraftforge.common.ForgeConfigSpec/CORE]: Incorrect key blocks.hat_stand was corrected from null to its default, SimpleCommentedConfig:{}. 
[07mar.2025 16:19:01.568] [modloading-worker-0/WARN] [net.minecraftforge.common.ForgeConfigSpec/CORE]: Incorrect key blocks.hat_stand.swing_physics was corrected from null to its default, SimpleCommentedConfig:{min_angle=0.0, collision_force=15.0, damping=1.625, collision_inertia=1.5, collision_considers_entity_hitbox=true, frequency=1.5, max_angle=54.999996}. 
[07mar.2025 16:19:01.568] [modloading-worker-0/WARN] [net.minecraftforge.common.ForgeConfigSpec/CORE]: Incorrect key blocks.turn_table was corrected from null to its default, SimpleCommentedConfig:{}. 
[07mar.2025 16:19:01.568] [modloading-worker-0/WARN] [net.minecraftforge.common.ForgeConfigSpec/CORE]: Incorrect key blocks.turn_table.turn_particles was corrected from null to its default, true. 
[07mar.2025 16:19:01.568] [modloading-worker-0/WARN] [net.minecraftforge.common.ForgeConfigSpec/CORE]: Incorrect key blocks.speaker_block was corrected from null to its default, SimpleCommentedConfig:{}. 
[07mar.2025 16:19:01.568] [modloading-worker-0/WARN] [net.minecraftforge.common.ForgeConfigSpec/CORE]: Incorrect key blocks.speaker_block.mute_narrator was corrected from null to its default, false. 
[07mar.2025 16:19:01.568] [modloading-worker-0/WARN] [net.minecraftforge.common.ForgeConfigSpec/CORE]: Incorrect key blocks.rope was corrected from null to its default, SimpleCommentedConfig:{}. 
[07mar.2025 16:19:01.568] [modloading-worker-0/WARN] [net.minecraftforge.common.ForgeConfigSpec/CORE]: Incorrect key blocks.rope.wobbling_amplitude was corrected from null to its default, 1.2. 
[07mar.2025 16:19:01.568] [modloading-worker-0/WARN] [net.minecraftforge.common.ForgeConfigSpec/CORE]: Incorrect key blocks.rope.wobbling_period was corrected from null to its default, 12.0. 
[07mar.2025 16:19:01.572] [modloading-worker-0/WARN] [net.minecraftforge.common.ForgeConfigSpec/CORE]: Incorrect key particles was corrected from null to its default, SimpleCommentedConfig:{}. 
[07mar.2025 16:19:01.572] [modloading-worker-0/WARN] [net.minecraftforge.common.ForgeConfigSpec/CORE]: Incorrect key particles.turn_particle was corrected from null to its default, SimpleCommentedConfig:{}. 
[07mar.2025 16:19:01.572] [modloading-worker-0/WARN] [net.minecraftforge.common.ForgeConfigSpec/CORE]: Incorrect key particles.turn_particle.initial_color was corrected from null to its default, #002A77EA. 
[07mar.2025 16:19:01.572] [modloading-worker-0/WARN] [net.minecraftforge.common.ForgeConfigSpec/CORE]: Incorrect key particles.turn_particle.fade_color was corrected from null to its default, #0032BEFA. 
[07mar.2025 16:19:01.574] [modloading-worker-0/WARN] [net.minecraftforge.common.ForgeConfigSpec/CORE]: Incorrect key general was corrected from null to its default, SimpleCommentedConfig:{}. 
[07mar.2025 16:19:01.574] [modloading-worker-0/WARN] [net.minecraftforge.common.ForgeConfigSpec/CORE]: Incorrect key general.no_optifine_warn_screen was corrected from null to its default, false. 
[07mar.2025 16:19:01.574] [modloading-worker-0/WARN] [net.minecraftforge.common.ForgeConfigSpec/CORE]: Incorrect key general.no_amendments_screen was corrected from null to its default, false. 
[07mar.2025 16:19:01.574] [modloading-worker-0/WARN] [net.minecraftforge.common.ForgeConfigSpec/CORE]: Incorrect key general.no_incompatible_mods_screen was corrected from null to its default, false. 
[07mar.2025 16:19:01.574] [modloading-worker-0/WARN] [net.minecraftforge.common.ForgeConfigSpec/CORE]: Incorrect key general.config_button was corrected from null to its default, false. 
[07mar.2025 16:19:01.574] [modloading-worker-0/WARN] [net.minecraftforge.common.ForgeConfigSpec/CORE]: Incorrect key general.config_button_y_offset was corrected from null to its default, 0. 
[07mar.2025 16:19:01.574] [modloading-worker-0/WARN] [net.minecraftforge.common.ForgeConfigSpec/CORE]: Incorrect key general.tooltip_hints was corrected from null to its default, true. 
[07mar.2025 16:19:01.574] [modloading-worker-0/WARN] [net.minecraftforge.common.ForgeConfigSpec/CORE]: Incorrect key general.placeable_tooltips was corrected from null to its default, true. 
[07mar.2025 16:19:01.575] [modloading-worker-0/WARN] [net.minecraftforge.common.ForgeConfigSpec/CORE]: Incorrect key general.custom_configured_screen was corrected from null to its default, true. 
[07mar.2025 16:19:01.575] [modloading-worker-0/WARN] [net.minecraftforge.common.ForgeConfigSpec/CORE]: Incorrect key general.test1 was corrected from null to its default, 0.0. 
[07mar.2025 16:19:01.575] [modloading-worker-0/WARN] [net.minecraftforge.common.ForgeConfigSpec/CORE]: Incorrect key general.test2 was corrected from null to its default, 0.0. 
[07mar.2025 16:19:01.575] [modloading-worker-0/WARN] [net.minecraftforge.common.ForgeConfigSpec/CORE]: Incorrect key general.test3 was corrected from null to its default, 0.0. 
[07mar.2025 16:19:01.577] [modloading-worker-0/WARN] [net.minecraftforge.common.ForgeConfigSpec/CORE]: Incorrect key tweaks was corrected from null to its default, SimpleCommentedConfig:{}. 
[07mar.2025 16:19:01.577] [modloading-worker-0/WARN] [net.minecraftforge.common.ForgeConfigSpec/CORE]: Incorrect key tweaks.clock_right_click was corrected from null to its default, true. 
[07mar.2025 16:19:01.577] [modloading-worker-0/WARN] [net.minecraftforge.common.ForgeConfigSpec/CORE]: Incorrect key tweaks.projectile_weapon_overlay was corrected from null to its default, true. 
[07mar.2025 16:19:01.577] [modloading-worker-0/WARN] [net.minecraftforge.common.ForgeConfigSpec/CORE]: Incorrect key tweaks.compass_right_click was corrected from null to its default, false. 
[07mar.2025 16:19:01.577] [modloading-worker-0/WARN] [net.minecraftforge.common.ForgeConfigSpec/CORE]: Incorrect key tweaks.placeable_books_glint was corrected from null to its default, false. 
[07mar.2025 16:19:01.577] [modloading-worker-0/WARN] [net.minecraftforge.common.ForgeConfigSpec/CORE]: Incorrect key tweaks.placeable_books_random_colors was corrected from null to its default, [brown, orange, yellow, red, green, lime, cyan, blue, purple]. 
[07mar.2025 16:19:01.577] [modloading-worker-0/WARN] [net.minecraftforge.common.ForgeConfigSpec/CORE]: Incorrect key tweaks.banner_pattern_tooltip was corrected from null to its default, true. 
[07mar.2025 16:19:01.577] [modloading-worker-0/WARN] [net.minecraftforge.common.ForgeConfigSpec/CORE]: Incorrect key tweaks.paintings_tooltip was corrected from null to its default, true. 
[07mar.2025 16:19:01.578] [modloading-worker-0/WARN] [net.minecraftforge.common.ForgeConfigSpec/CORE]: Incorrect key tweaks.sherds_tooltip was corrected from null to its default, true. 
[07mar.2025 16:19:01.578] [modloading-worker-0/WARN] [net.minecraftforge.common.ForgeConfigSpec/CORE]: Incorrect key tweaks.tooltip_image_size was corrected from null to its default, 80. 
[07mar.2025 16:19:01.578] [modloading-worker-0/WARN] [net.minecraftforge.common.ForgeConfigSpec/CORE]: Incorrect key tweaks.mob_head_shaders was corrected from null to its default, true. 
[07mar.2025 16:19:01.578] [modloading-worker-0/WARN] [net.minecraftforge.common.ForgeConfigSpec/CORE]: Incorrect key tweaks.send_chat_on_death was corrected from null to its default, true. 
[07mar.2025 16:19:01.578] [modloading-worker-0/WARN] [net.minecraftforge.common.ForgeConfigSpec/CORE]: Incorrect key tweaks.colored_maps was corrected from null to its default, SimpleCommentedConfig:{}. 
[07mar.2025 16:19:01.578] [modloading-worker-0/WARN] [net.minecraftforge.common.ForgeConfigSpec/CORE]: Incorrect key tweaks.colored_maps.tinted_blocks_on_maps was corrected from null to its default, true. 
[07mar.2025 16:19:01.578] [modloading-worker-0/WARN] [net.minecraftforge.common.ForgeConfigSpec/CORE]: Incorrect key tweaks.colored_maps.tall_grass_color was corrected from null to its default, true. 
[07mar.2025 16:19:01.578] [modloading-worker-0/WARN] [net.minecraftforge.common.ForgeConfigSpec/CORE]: Incorrect key tweaks.colored_maps.accurate_colors was corrected from null to its default, false. 
[07mar.2025 16:19:01.581] [modloading-worker-0/WARN] [net.minecraftforge.common.ForgeConfigSpec/CORE]: Incorrect key items was corrected from null to its default, SimpleCommentedConfig:{}. 
[07mar.2025 16:19:01.581] [modloading-worker-0/WARN] [net.minecraftforge.common.ForgeConfigSpec/CORE]: Incorrect key items.slingshot was corrected from null to its default, SimpleCommentedConfig:{}. 
[07mar.2025 16:19:01.581] [modloading-worker-0/WARN] [net.minecraftforge.common.ForgeConfigSpec/CORE]: Incorrect key items.slingshot.overlay was corrected from null to its default, true. 
[07mar.2025 16:19:01.581] [modloading-worker-0/WARN] [net.minecraftforge.common.ForgeConfigSpec/CORE]: Incorrect key items.slingshot.stasis_block_outline was corrected from null to its default, true. 
[07mar.2025 16:19:01.581] [modloading-worker-0/WARN] [net.minecraftforge.common.ForgeConfigSpec/CORE]: Incorrect key items.slingshot.block_outline_color was corrected from null to its default, #FFFFFFFF. 
[07mar.2025 16:19:01.581] [modloading-worker-0/WARN] [net.minecraftforge.common.ForgeConfigSpec/CORE]: Incorrect key items.slingshot.projectile_scale was corrected from null to its default, 0.5. 
[07mar.2025 16:19:01.581] [modloading-worker-0/WARN] [net.minecraftforge.common.ForgeConfigSpec/CORE]: Incorrect key items.lunch_basket was corrected from null to its default, SimpleCommentedConfig:{}. 
[07mar.2025 16:19:01.581] [modloading-worker-0/WARN] [net.minecraftforge.common.ForgeConfigSpec/CORE]: Incorrect key items.lunch_basket.overlay was corrected from null to its default, true. 
[07mar.2025 16:19:01.581] [modloading-worker-0/WARN] [net.minecraftforge.common.ForgeConfigSpec/CORE]: Incorrect key items.altimeter was corrected from null to its default, SimpleCommentedConfig:{}. 
[07mar.2025 16:19:01.581] [modloading-worker-0/WARN] [net.minecraftforge.common.ForgeConfigSpec/CORE]: Incorrect key items.altimeter.click_action was corrected from null to its default, true. 
[07mar.2025 16:19:01.585] [modloading-worker-0/WARN] [net.minecraftforge.common.ForgeConfigSpec/CORE]: Incorrect key items.altimeter.extra_dimension_textures was corrected from null to its default, [minecraft:the_nether, minecraft:the_end]. 
[07mar.2025 16:19:01.586] [modloading-worker-0/WARN] [net.minecraftforge.common.ForgeConfigSpec/CORE]: Incorrect key items.altimeter.texture_precision_multiplier was corrected from null to its default, 1. 
[07mar.2025 16:19:01.586] [modloading-worker-0/WARN] [net.minecraftforge.common.ForgeConfigSpec/CORE]: Incorrect key items.cannonball was corrected from null to its default, SimpleCommentedConfig:{}. 
[07mar.2025 16:19:01.586] [modloading-worker-0/WARN] [net.minecraftforge.common.ForgeConfigSpec/CORE]: Incorrect key items.cannonball.3d_model was corrected from null to its default, true. 
[07mar.2025 16:19:01.586] [modloading-worker-0/WARN] [net.minecraftforge.common.ForgeConfigSpec/CORE]: Incorrect key items.quiver was corrected from null to its default, SimpleCommentedConfig:{}. 
[07mar.2025 16:19:01.586] [modloading-worker-0/WARN] [net.minecraftforge.common.ForgeConfigSpec/CORE]: Incorrect key items.quiver.armor_render_offset was corrected from null to its default, -1.0. 
[07mar.2025 16:19:01.586] [modloading-worker-0/WARN] [net.minecraftforge.common.ForgeConfigSpec/CORE]: Incorrect key items.quiver.render_mode was corrected from null to its default, THIGH. 
[07mar.2025 16:19:01.586] [modloading-worker-0/WARN] [net.minecraftforge.common.ForgeConfigSpec/CORE]: Incorrect key items.quiver.skeleton_render_mode was corrected from null to its default, THIGH. 
[07mar.2025 16:19:01.586] [modloading-worker-0/WARN] [net.minecraftforge.common.ForgeConfigSpec/CORE]: Incorrect key items.quiver.overlay was corrected from null to its default, true. 
[07mar.2025 16:19:01.586] [modloading-worker-0/WARN] [net.minecraftforge.common.ForgeConfigSpec/CORE]: Incorrect key items.quiver.mouse_movement_in_gui was corrected from null to its default, true. 
[07mar.2025 16:19:01.587] [modloading-worker-0/WARN] [net.minecraftforge.common.ForgeConfigSpec/CORE]: Incorrect key items.quiver.gui_x_offset was corrected from null to its default, 0. 
[07mar.2025 16:19:01.587] [modloading-worker-0/WARN] [net.minecraftforge.common.ForgeConfigSpec/CORE]: Incorrect key items.quiver.gui_y_offset was corrected from null to its default, 0. 
[07mar.2025 16:19:01.587] [modloading-worker-0/WARN] [net.minecraftforge.common.ForgeConfigSpec/CORE]: Incorrect key items.wrench was corrected from null to its default, SimpleCommentedConfig:{}. 
[07mar.2025 16:19:01.587] [modloading-worker-0/WARN] [net.minecraftforge.common.ForgeConfigSpec/CORE]: Incorrect key items.wrench.turn_particles was corrected from null to its default, true. 
[07mar.2025 16:19:01.587] [modloading-worker-0/WARN] [net.minecraftforge.common.ForgeConfigSpec/CORE]: Incorrect key items.flute was corrected from null to its default, SimpleCommentedConfig:{}. 
[07mar.2025 16:19:01.587] [modloading-worker-0/WARN] [net.minecraftforge.common.ForgeConfigSpec/CORE]: Incorrect key items.flute.note_particles was corrected from null to its default, true. 
[07mar.2025 16:19:10.414] [main/INFO] [Moonlight/]: Initialized block sets in 22ms
[07mar.2025 16:19:11.075] [main/WARN] [net.minecraftforge.registries.ForgeRegistry/REGISTRIES]: Registry minecraft:recipe_serializer: The object top.ribs.scguns.client.screen.MechanicalPressRecipe$Serializer@528ec52a has been registered twice for the same name scguns:mechanical_pressing.
[07mar.2025 16:19:11.075] [main/WARN] [net.minecraftforge.registries.ForgeRegistry/REGISTRIES]: Registry minecraft:recipe_serializer: The object top.ribs.scguns.client.screen.PoweredMechanicalPressRecipe$Serializer@581ff893 has been registered twice for the same name scguns:powered_mechanical_pressing.
[07mar.2025 16:19:11.075] [main/WARN] [net.minecraftforge.registries.ForgeRegistry/REGISTRIES]: Registry minecraft:recipe_serializer: The object top.ribs.scguns.client.screen.MaceratorRecipe$Serializer@31980ca3 has been registered twice for the same name scguns:macerating.
[07mar.2025 16:19:11.075] [main/WARN] [net.minecraftforge.registries.ForgeRegistry/REGISTRIES]: Registry minecraft:recipe_serializer: The object top.ribs.scguns.client.screen.PoweredMaceratorRecipe$Serializer@1f0feded has been registered twice for the same name scguns:powered_macerating.
[07mar.2025 16:19:11.075] [main/WARN] [net.minecraftforge.registries.ForgeRegistry/REGISTRIES]: Registry minecraft:recipe_serializer: The object top.ribs.scguns.client.screen.GunBenchRecipe$Serializer@8f658a6 has been registered twice for the same name scguns:gun_bench.
[07mar.2025 16:19:11.075] [main/WARN] [net.minecraftforge.registries.ForgeRegistry/REGISTRIES]: Registry minecraft:recipe_serializer: The object top.ribs.scguns.client.screen.LightningBatteryRecipe$Serializer@45a54bbc has been registered twice for the same name scguns:lightning_battery.
[07mar.2025 16:19:11.075] [main/WARN] [net.minecraftforge.registries.ForgeRegistry/REGISTRIES]: Registry minecraft:recipe_serializer: The object top.ribs.scguns.client.screen.MechanicalPressRecipe$Serializer@528ec52a has been registered twice for the same name scguns:mechanical_pressing.
[07mar.2025 16:19:11.075] [main/WARN] [net.minecraftforge.registries.ForgeRegistry/REGISTRIES]: Registry minecraft:recipe_serializer: The object top.ribs.scguns.client.screen.PoweredMechanicalPressRecipe$Serializer@581ff893 has been registered twice for the same name scguns:powered_mechanical_pressing.
[07mar.2025 16:19:11.075] [main/WARN] [net.minecraftforge.registries.ForgeRegistry/REGISTRIES]: Registry minecraft:recipe_serializer: The object top.ribs.scguns.client.screen.MaceratorRecipe$Serializer@31980ca3 has been registered twice for the same name scguns:macerating.
[07mar.2025 16:19:11.075] [main/WARN] [net.minecraftforge.registries.ForgeRegistry/REGISTRIES]: Registry minecraft:recipe_serializer: The object top.ribs.scguns.client.screen.PoweredMaceratorRecipe$Serializer@1f0feded has been registered twice for the same name scguns:powered_macerating.
[07mar.2025 16:19:11.075] [main/WARN] [net.minecraftforge.registries.ForgeRegistry/REGISTRIES]: Registry minecraft:recipe_serializer: The object top.ribs.scguns.client.screen.GunBenchRecipe$Serializer@8f658a6 has been registered twice for the same name scguns:gun_bench.
[07mar.2025 16:19:11.075] [main/WARN] [net.minecraftforge.registries.ForgeRegistry/REGISTRIES]: Registry minecraft:recipe_serializer: The object top.ribs.scguns.client.screen.LightningBatteryRecipe$Serializer@45a54bbc has been registered twice for the same name scguns:lightning_battery.
[07mar.2025 16:19:11.530] [main/WARN] [net.minecraft.server.packs.VanillaPackResourcesBuilder/]: Assets URL 'union:/C:/Users/marth/.gradle/caches/forge_gradle/minecraft_user_repo/net/minecraftforge/forge/1.20.1-47.4.0_mapped_official_1.20.1/forge-1.20.1-47.4.0_mapped_official_1.20.1-recomp.jar%23191!/assets/.mcassetsroot' uses unexpected schema
[07mar.2025 16:19:11.531] [main/WARN] [net.minecraft.server.packs.VanillaPackResourcesBuilder/]: Assets URL 'union:/C:/Users/marth/.gradle/caches/forge_gradle/minecraft_user_repo/net/minecraftforge/forge/1.20.1-47.4.0_mapped_official_1.20.1/forge-1.20.1-47.4.0_mapped_official_1.20.1-recomp.jar%23191!/data/.mcassetsroot' uses unexpected schema
[07mar.2025 16:19:11.812] [main/INFO] [net.minecraft.data.DataGenerator/]: All providers took: 0 ms
[07mar.2025 16:19:11.814] [main/INFO] [net.minecraft.data.HashCache/]: Caching: total files: 0, old count: 0, new count: 1, removed stale: 0, written: 0
